Kernel,Variant,Tuning,Problem size,Checksum,Mean time per rep (sec.),Bandwidth (GiB per sec.),Mean gFlops (gigaFLOP per sec.),__source_file__,Backend,Variant_Tuning,Smoothed Mean flops (gigaFLOP per sec.),Smoothed Bandwidth (GiB per sec.)
Apps_DIFFUSION3DPA,Base_CUDA,block_64,405, PASSED     ,4.30818e-06,12.1041,18.1016,build_lc_toss4-mvapich2-2.3.7-nvcc-12.9.1-90-gcc-10.3.1/RPBenchmark_H100_tier1/DIFFUSION3DPA_factor_1-kernel-run-data.csv,CUDA,Base_CUDA-block_64,69.1404,46.1149
Apps_DIFFUSION3DPA,RAJA_CUDA,block_64,405, PASSED     ,4.0204e-06,12.9705,19.3973,build_lc_toss4-mvapich2-2.3.7-nvcc-12.9.1-90-gcc-10.3.1/RPBenchmark_H100_tier1/DIFFUSION3DPA_factor_1-kernel-run-data.csv,CUDA,RAJA_CUDA-block_64,74.1936,49.4853
Apps_DIFFUSION3DPA,Base_CUDA,block_64,394524, PASSED     ,3.12229e-05,1621.37,2433.08,build_lc_toss4-mvapich2-2.3.7-nvcc-12.9.1-90-gcc-10.3.1/RPBenchmark_H100_tier1/DIFFUSION3DPA_factor_1024-kernel-run-data.csv,CUDA,Base_CUDA-block_64,2500.44,1666.26
Apps_DIFFUSION3DPA,RAJA_CUDA,block_64,394524, PASSED     ,3.04725e-05,1661.29,2493.0,build_lc_toss4-mvapich2-2.3.7-nvcc-12.9.1-90-gcc-10.3.1/RPBenchmark_H100_tier1/DIFFUSION3DPA_factor_1024-kernel-run-data.csv,CUDA,RAJA_CUDA-block_64,2504.97,1669.28
Apps_DIFFUSION3DPA,Base_CUDA,block_64,49329, PASSED     ,6.49776e-06,974.16,1461.82,build_lc_toss4-mvapich2-2.3.7-nvcc-12.9.1-90-gcc-10.3.1/RPBenchmark_H100_tier1/DIFFUSION3DPA_factor_128-kernel-run-data.csv,CUDA,Base_CUDA-block_64,1461.82,974.16
Apps_DIFFUSION3DPA,RAJA_CUDA,block_64,49329, PASSED     ,5.8877e-06,1075.1,1613.29,build_lc_toss4-mvapich2-2.3.7-nvcc-12.9.1-90-gcc-10.3.1/RPBenchmark_H100_tier1/DIFFUSION3DPA_factor_128-kernel-run-data.csv,CUDA,RAJA_CUDA-block_64,1613.29,1075.1
Apps_DIFFUSION3DPA,Base_CUDA,block_64,577935, PASSED     ,4.29537e-05,1726.47,2590.8,build_lc_toss4-mvapich2-2.3.7-nvcc-12.9.1-90-gcc-10.3.1/RPBenchmark_H100_tier1/DIFFUSION3DPA_factor_1500-kernel-run-data.csv,CUDA,Base_CUDA-block_64,2545.62,1696.365
Apps_DIFFUSION3DPA,RAJA_CUDA,block_64,577935, PASSED     ,4.1748e-05,1776.33,2665.63,build_lc_toss4-mvapich2-2.3.7-nvcc-12.9.1-90-gcc-10.3.1/RPBenchmark_H100_tier1/DIFFUSION3DPA_factor_1500-kernel-run-data.csv,CUDA,RAJA_CUDA-block_64,2585.3,1722.8049999999998
Apps_DIFFUSION3DPA,Base_CUDA,block_64,6183, PASSED     ,4.37384e-06,181.432,272.203,build_lc_toss4-mvapich2-2.3.7-nvcc-12.9.1-90-gcc-10.3.1/RPBenchmark_H100_tier1/DIFFUSION3DPA_factor_16-kernel-run-data.csv,CUDA,Base_CUDA-block_64,272.203,181.432
Apps_DIFFUSION3DPA,RAJA_CUDA,block_64,6183, PASSED     ,4.17132e-06,190.24,285.418,build_lc_toss4-mvapich2-2.3.7-nvcc-12.9.1-90-gcc-10.3.1/RPBenchmark_H100_tier1/DIFFUSION3DPA_factor_16-kernel-run-data.csv,CUDA,RAJA_CUDA-block_64,285.418,190.24
Apps_DIFFUSION3DPA,Base_CUDA,block_64,98631, PASSED     ,8.90734e-06,1420.86,2132.17,build_lc_toss4-mvapich2-2.3.7-nvcc-12.9.1-90-gcc-10.3.1/RPBenchmark_H100_tier1/DIFFUSION3DPA_factor_256-kernel-run-data.csv,CUDA,Base_CUDA-block_64,2132.17,1420.86
Apps_DIFFUSION3DPA,RAJA_CUDA,block_64,98631, PASSED     ,9.17328e-06,1379.67,2070.36,build_lc_toss4-mvapich2-2.3.7-nvcc-12.9.1-90-gcc-10.3.1/RPBenchmark_H100_tier1/DIFFUSION3DPA_factor_256-kernel-run-data.csv,CUDA,RAJA_CUDA-block_64,2070.36,1379.67
Apps_DIFFUSION3DPA,Base_CUDA,block_64,1155843, PASSED     ,7.85033e-05,1889.25,2835.09,build_lc_toss4-mvapich2-2.3.7-nvcc-12.9.1-90-gcc-10.3.1/RPBenchmark_H100_tier1/DIFFUSION3DPA_factor_3000-kernel-run-data.csv,CUDA,Base_CUDA-block_64,2590.8,1726.47
Apps_DIFFUSION3DPA,RAJA_CUDA,block_64,1155843, PASSED     ,7.76872e-05,1909.1,2864.87,build_lc_toss4-mvapich2-2.3.7-nvcc-12.9.1-90-gcc-10.3.1/RPBenchmark_H100_tier1/DIFFUSION3DPA_factor_3000-kernel-run-data.csv,CUDA,RAJA_CUDA-block_64,2665.63,1776.33
Apps_DIFFUSION3DPA,Base_CUDA,block_64,12339, PASSED     ,4.52188e-06,350.178,525.433,build_lc_toss4-mvapich2-2.3.7-nvcc-12.9.1-90-gcc-10.3.1/RPBenchmark_H100_tier1/DIFFUSION3DPA_factor_32-kernel-run-data.csv,CUDA,Base_CUDA-block_64,525.433,350.178
Apps_DIFFUSION3DPA,RAJA_CUDA,block_64,12339, PASSED     ,4.33764e-06,365.052,547.75,build_lc_toss4-mvapich2-2.3.7-nvcc-12.9.1-90-gcc-10.3.1/RPBenchmark_H100_tier1/DIFFUSION3DPA_factor_32-kernel-run-data.csv,CUDA,RAJA_CUDA-block_64,547.75,365.052
Apps_DIFFUSION3DPA,Base_CUDA,block_64,1566, PASSED     ,4.3613e-06,46.1149,69.1404,build_lc_toss4-mvapich2-2.3.7-nvcc-12.9.1-90-gcc-10.3.1/RPBenchmark_H100_tier1/DIFFUSION3DPA_factor_4-kernel-run-data.csv,CUDA,Base_CUDA-block_64,170.6717,113.77345
Apps_DIFFUSION3DPA,RAJA_CUDA,block_64,1566, PASSED     ,4.06426e-06,49.4853,74.1936,build_lc_toss4-mvapich2-2.3.7-nvcc-12.9.1-90-gcc-10.3.1/RPBenchmark_H100_tier1/DIFFUSION3DPA_factor_4-kernel-run-data.csv,CUDA,RAJA_CUDA-block_64,179.8058,119.86265
Apps_DIFFUSION3DPA,Base_CUDA,block_64,197262, PASSED     ,1.51909e-05,1666.26,2500.44,build_lc_toss4-mvapich2-2.3.7-nvcc-12.9.1-90-gcc-10.3.1/RPBenchmark_H100_tier1/DIFFUSION3DPA_factor_512-kernel-run-data.csv,CUDA,Base_CUDA-block_64,2433.08,1621.37
Apps_DIFFUSION3DPA,RAJA_CUDA,block_64,197262, PASSED     ,1.51634e-05,1669.28,2504.97,build_lc_toss4-mvapich2-2.3.7-nvcc-12.9.1-90-gcc-10.3.1/RPBenchmark_H100_tier1/DIFFUSION3DPA_factor_512-kernel-run-data.csv,CUDA,RAJA_CUDA-block_64,2493.0,1661.29
Apps_DIFFUSION3DPA,Base_CUDA,block_64,24678, PASSED     ,5.16622e-06,612.972,919.799,build_lc_toss4-mvapich2-2.3.7-nvcc-12.9.1-90-gcc-10.3.1/RPBenchmark_H100_tier1/DIFFUSION3DPA_factor_64-kernel-run-data.csv,CUDA,Base_CUDA-block_64,919.799,612.972
Apps_DIFFUSION3DPA,RAJA_CUDA,block_64,24678, PASSED     ,4.87494e-06,649.598,974.758,build_lc_toss4-mvapich2-2.3.7-nvcc-12.9.1-90-gcc-10.3.1/RPBenchmark_H100_tier1/DIFFUSION3DPA_factor_64-kernel-run-data.csv,CUDA,RAJA_CUDA-block_64,974.758,649.598
Apps_EDGE3D,Base_CUDA,block_256,512, PASSED     ,0.000230027,0.198454,81.2278,build_lc_toss4-mvapich2-2.3.7-nvcc-12.9.1-90-gcc-10.3.1/RPBenchmark_H100_tier1/EDGE3D_factor_1-kernel-run-data.csv,CUDA,Base_CUDA-block_256,340.475,0.803883
Apps_EDGE3D,RAJA_CUDA,block_256,512, PASSED     ,0.000233364,0.195616,80.0663,build_lc_toss4-mvapich2-2.3.7-nvcc-12.9.1-90-gcc-10.3.1/RPBenchmark_H100_tier1/EDGE3D_factor_1-kernel-run-data.csv,CUDA,RAJA_CUDA-block_256,339.59,0.801794
Apps_EDGE3D,Base_CUDA,block_256,1442897, PASSED     ,0.0128826,3.66521,1614.49,build_lc_toss4-mvapich2-2.3.7-nvcc-12.9.1-90-gcc-10.3.1/RPBenchmark_H100_tier1/EDGE3D_factor_1024-kernel-run-data.csv,CUDA,Base_CUDA-block_256,1614.49,3.66521
Apps_EDGE3D,RAJA_CUDA,block_256,1442897, PASSED     ,0.012942,3.64839,1607.08,build_lc_toss4-mvapich2-2.3.7-nvcc-12.9.1-90-gcc-10.3.1/RPBenchmark_H100_tier1/EDGE3D_factor_1024-kernel-run-data.csv,CUDA,RAJA_CUDA-block_256,1607.08,3.64839
Apps_EDGE3D,Base_CUDA,block_256,166375, PASSED     ,0.00172858,3.4646,1515.86,build_lc_toss4-mvapich2-2.3.7-nvcc-12.9.1-90-gcc-10.3.1/RPBenchmark_H100_tier1/EDGE3D_factor_128-kernel-run-data.csv,CUDA,Base_CUDA-block_256,1515.86,3.4646
Apps_EDGE3D,RAJA_CUDA,block_256,166375, PASSED     ,0.0017345,3.45279,1510.69,build_lc_toss4-mvapich2-2.3.7-nvcc-12.9.1-90-gcc-10.3.1/RPBenchmark_H100_tier1/EDGE3D_factor_128-kernel-run-data.csv,CUDA,RAJA_CUDA-block_256,1510.69,3.45279
Apps_EDGE3D,Base_CUDA,block_256,2146689, PASSED     ,0.0189029,3.67405,1619.69,build_lc_toss4-mvapich2-2.3.7-nvcc-12.9.1-90-gcc-10.3.1/RPBenchmark_H100_tier1/EDGE3D_factor_1500-kernel-run-data.csv,CUDA,Base_CUDA-block_256,1617.0900000000001,3.6696299999999997
Apps_EDGE3D,RAJA_CUDA,block_256,2146689, PASSED     ,0.0189559,3.66378,1615.16,build_lc_toss4-mvapich2-2.3.7-nvcc-12.9.1-90-gcc-10.3.1/RPBenchmark_H100_tier1/EDGE3D_factor_1500-kernel-run-data.csv,CUDA,RAJA_CUDA-block_256,1611.12,3.656085
Apps_EDGE3D,Base_CUDA,block_256,17576, PASSED     ,0.000286769,2.68502,1158.33,build_lc_toss4-mvapich2-2.3.7-nvcc-12.9.1-90-gcc-10.3.1/RPBenchmark_H100_tier1/EDGE3D_factor_16-kernel-run-data.csv,CUDA,Base_CUDA-block_256,1158.33,2.68502
Apps_EDGE3D,RAJA_CUDA,block_256,17576, PASSED     ,0.000289355,2.66102,1147.98,build_lc_toss4-mvapich2-2.3.7-nvcc-12.9.1-90-gcc-10.3.1/RPBenchmark_H100_tier1/EDGE3D_factor_16-kernel-run-data.csv,CUDA,RAJA_CUDA-block_256,1147.98,2.66102
Apps_EDGE3D,Base_CUDA,block_256,343000, PASSED     ,0.00332487,3.57001,1566.36,build_lc_toss4-mvapich2-2.3.7-nvcc-12.9.1-90-gcc-10.3.1/RPBenchmark_H100_tier1/EDGE3D_factor_256-kernel-run-data.csv,CUDA,Base_CUDA-block_256,1566.36,3.57001
Apps_EDGE3D,RAJA_CUDA,block_256,343000, PASSED     ,0.00333812,3.55585,1560.14,build_lc_toss4-mvapich2-2.3.7-nvcc-12.9.1-90-gcc-10.3.1/RPBenchmark_H100_tier1/EDGE3D_factor_256-kernel-run-data.csv,CUDA,RAJA_CUDA-block_256,1560.14,3.55585
Apps_EDGE3D,Base_CUDA,block_256,4410944, PASSED     ,0.0381539,3.67601,1622.52,build_lc_toss4-mvapich2-2.3.7-nvcc-12.9.1-90-gcc-10.3.1/RPBenchmark_H100_tier1/EDGE3D_factor_3000-kernel-run-data.csv,CUDA,Base_CUDA-block_256,1619.69,3.67405
Apps_EDGE3D,RAJA_CUDA,block_256,4410944, PASSED     ,0.0382747,3.6644,1617.4,build_lc_toss4-mvapich2-2.3.7-nvcc-12.9.1-90-gcc-10.3.1/RPBenchmark_H100_tier1/EDGE3D_factor_3000-kernel-run-data.csv,CUDA,RAJA_CUDA-block_256,1615.16,3.66378
Apps_EDGE3D,Base_CUDA,block_256,35937, PASSED     ,0.000533238,2.73267,1185.48,build_lc_toss4-mvapich2-2.3.7-nvcc-12.9.1-90-gcc-10.3.1/RPBenchmark_H100_tier1/EDGE3D_factor_32-kernel-run-data.csv,CUDA,Base_CUDA-block_256,1185.48,2.73267
Apps_EDGE3D,RAJA_CUDA,block_256,35937, PASSED     ,0.00053368,2.73041,1184.5,build_lc_toss4-mvapich2-2.3.7-nvcc-12.9.1-90-gcc-10.3.1/RPBenchmark_H100_tier1/EDGE3D_factor_32-kernel-run-data.csv,CUDA,RAJA_CUDA-block_256,1184.5,2.73041
Apps_EDGE3D,Base_CUDA,block_256,3375, PASSED     ,0.000236627,0.803883,340.475,build_lc_toss4-mvapich2-2.3.7-nvcc-12.9.1-90-gcc-10.3.1/RPBenchmark_H100_tier1/EDGE3D_factor_4-kernel-run-data.csv,CUDA,Base_CUDA-block_256,749.4024999999999,1.7444515
Apps_EDGE3D,RAJA_CUDA,block_256,3375, PASSED     ,0.000237244,0.801794,339.59,build_lc_toss4-mvapich2-2.3.7-nvcc-12.9.1-90-gcc-10.3.1/RPBenchmark_H100_tier1/EDGE3D_factor_4-kernel-run-data.csv,CUDA,RAJA_CUDA-block_256,743.785,1.7314070000000001
Apps_EDGE3D,Base_CUDA,block_256,704969, PASSED     ,0.00653721,3.61714,1590.54,build_lc_toss4-mvapich2-2.3.7-nvcc-12.9.1-90-gcc-10.3.1/RPBenchmark_H100_tier1/EDGE3D_factor_512-kernel-run-data.csv,CUDA,Base_CUDA-block_256,1590.54,3.61714
Apps_EDGE3D,RAJA_CUDA,block_256,704969, PASSED     ,0.00655121,3.60941,1587.14,build_lc_toss4-mvapich2-2.3.7-nvcc-12.9.1-90-gcc-10.3.1/RPBenchmark_H100_tier1/EDGE3D_factor_512-kernel-run-data.csv,CUDA,RAJA_CUDA-block_256,1587.14,3.60941
Apps_EDGE3D,Base_CUDA,block_256,79507, PASSED     ,0.000910039,3.30764,1441.99,build_lc_toss4-mvapich2-2.3.7-nvcc-12.9.1-90-gcc-10.3.1/RPBenchmark_H100_tier1/EDGE3D_factor_64-kernel-run-data.csv,CUDA,Base_CUDA-block_256,1441.99,3.30764
Apps_EDGE3D,RAJA_CUDA,block_256,79507, PASSED     ,0.00091245,3.29891,1438.18,build_lc_toss4-mvapich2-2.3.7-nvcc-12.9.1-90-gcc-10.3.1/RPBenchmark_H100_tier1/EDGE3D_factor_64-kernel-run-data.csv,CUDA,RAJA_CUDA-block_256,1438.18,3.29891
Apps_ENERGY,Base_CUDA,block_256,417, PASSED     ,1.28883e-05,6.50868,1.77951,build_lc_toss4-mvapich2-2.3.7-nvcc-12.9.1-90-gcc-10.3.1/RPBenchmark_H100_tier1/ENERGY_factor_1-kernel-run-data.csv,CUDA,Base_CUDA-block_256,6.88654,25.1879
Apps_ENERGY,RAJA_CUDA,block_256,417, PASSED     ,1.29115e-05,6.49701,1.77633,build_lc_toss4-mvapich2-2.3.7-nvcc-12.9.1-90-gcc-10.3.1/RPBenchmark_H100_tier1/ENERGY_factor_1-kernel-run-data.csv,CUDA,RAJA_CUDA-block_256,6.89493,25.2186
Apps_ENERGY,Base_CUDA,block_256,426667, PASSED     ,2.80508e-05,3059.83,836.578,build_lc_toss4-mvapich2-2.3.7-nvcc-12.9.1-90-gcc-10.3.1/RPBenchmark_H100_tier1/ENERGY_factor_1024-kernel-run-data.csv,CUDA,Base_CUDA-block_256,722.616,2643.01
Apps_ENERGY,RAJA_CUDA,block_256,426667, PASSED     ,2.80843e-05,3056.18,835.58,build_lc_toss4-mvapich2-2.3.7-nvcc-12.9.1-90-gcc-10.3.1/RPBenchmark_H100_tier1/ENERGY_factor_1024-kernel-run-data.csv,CUDA,RAJA_CUDA-block_256,723.451,2646.06
Apps_ENERGY,Base_CUDA,block_256,53334, PASSED     ,1.46047e-05,734.627,200.852,build_lc_toss4-mvapich2-2.3.7-nvcc-12.9.1-90-gcc-10.3.1/RPBenchmark_H100_tier1/ENERGY_factor_128-kernel-run-data.csv,CUDA,Base_CUDA-block_256,200.852,734.627
Apps_ENERGY,RAJA_CUDA,block_256,53334, PASSED     ,1.45968e-05,735.024,200.96,build_lc_toss4-mvapich2-2.3.7-nvcc-12.9.1-90-gcc-10.3.1/RPBenchmark_H100_tier1/ENERGY_factor_128-kernel-run-data.csv,CUDA,RAJA_CUDA-block_256,200.96,735.024
Apps_ENERGY,Base_CUDA,block_256,625000, PASSED     ,4.25045e-05,2958.0,808.737,build_lc_toss4-mvapich2-2.3.7-nvcc-12.9.1-90-gcc-10.3.1/RPBenchmark_H100_tier1/ENERGY_factor_1500-kernel-run-data.csv,CUDA,Base_CUDA-block_256,765.6765,2800.505
Apps_ENERGY,RAJA_CUDA,block_256,625000, PASSED     ,4.24378e-05,2962.66,810.01,build_lc_toss4-mvapich2-2.3.7-nvcc-12.9.1-90-gcc-10.3.1/RPBenchmark_H100_tier1/ENERGY_factor_1500-kernel-run-data.csv,CUDA,RAJA_CUDA-block_256,766.7305,2804.3599999999997
Apps_ENERGY,Base_CUDA,block_256,6667, PASSED     ,1.3103e-05,102.356,27.9849,build_lc_toss4-mvapich2-2.3.7-nvcc-12.9.1-90-gcc-10.3.1/RPBenchmark_H100_tier1/ENERGY_factor_16-kernel-run-data.csv,CUDA,Base_CUDA-block_256,27.9849,102.356
Apps_ENERGY,RAJA_CUDA,block_256,6667, PASSED     ,1.31621e-05,101.897,27.8592,build_lc_toss4-mvapich2-2.3.7-nvcc-12.9.1-90-gcc-10.3.1/RPBenchmark_H100_tier1/ENERGY_factor_16-kernel-run-data.csv,CUDA,RAJA_CUDA-block_256,27.8592,101.897
Apps_ENERGY,Base_CUDA,block_256,106667, PASSED     ,1.62595e-05,1319.71,360.817,build_lc_toss4-mvapich2-2.3.7-nvcc-12.9.1-90-gcc-10.3.1/RPBenchmark_H100_tier1/ENERGY_factor_256-kernel-run-data.csv,CUDA,Base_CUDA-block_256,360.817,1319.71
Apps_ENERGY,RAJA_CUDA,block_256,106667, PASSED     ,1.62025e-05,1324.35,362.086,build_lc_toss4-mvapich2-2.3.7-nvcc-12.9.1-90-gcc-10.3.1/RPBenchmark_H100_tier1/ENERGY_factor_256-kernel-run-data.csv,CUDA,RAJA_CUDA-block_256,362.086,1324.35
Apps_ENERGY,Base_CUDA,block_256,1250000, PASSED     ,9.51404e-05,2643.01,722.616,build_lc_toss4-mvapich2-2.3.7-nvcc-12.9.1-90-gcc-10.3.1/RPBenchmark_H100_tier1/ENERGY_factor_3000-kernel-run-data.csv,CUDA,Base_CUDA-block_256,808.737,2958.0
Apps_ENERGY,RAJA_CUDA,block_256,1250000, PASSED     ,9.50306e-05,2646.06,723.451,build_lc_toss4-mvapich2-2.3.7-nvcc-12.9.1-90-gcc-10.3.1/RPBenchmark_H100_tier1/ENERGY_factor_3000-kernel-run-data.csv,CUDA,RAJA_CUDA-block_256,810.01,2962.66
Apps_ENERGY,Base_CUDA,block_256,13334, PASSED     ,1.33635e-05,200.721,54.8785,build_lc_toss4-mvapich2-2.3.7-nvcc-12.9.1-90-gcc-10.3.1/RPBenchmark_H100_tier1/ENERGY_factor_32-kernel-run-data.csv,CUDA,Base_CUDA-block_256,54.8785,200.721
Apps_ENERGY,RAJA_CUDA,block_256,13334, PASSED     ,1.3327e-05,201.272,55.029,build_lc_toss4-mvapich2-2.3.7-nvcc-12.9.1-90-gcc-10.3.1/RPBenchmark_H100_tier1/ENERGY_factor_32-kernel-run-data.csv,CUDA,RAJA_CUDA-block_256,55.029,201.272
Apps_ENERGY,Base_CUDA,block_256,1667, PASSED     ,1.33137e-05,25.1879,6.88654,build_lc_toss4-mvapich2-2.3.7-nvcc-12.9.1-90-gcc-10.3.1/RPBenchmark_H100_tier1/ENERGY_factor_4-kernel-run-data.csv,CUDA,Base_CUDA-block_256,17.43572,63.77195
Apps_ENERGY,RAJA_CUDA,block_256,1667, PASSED     ,1.32975e-05,25.2186,6.89493,build_lc_toss4-mvapich2-2.3.7-nvcc-12.9.1-90-gcc-10.3.1/RPBenchmark_H100_tier1/ENERGY_factor_4-kernel-run-data.csv,CUDA,RAJA_CUDA-block_256,17.377065,63.5578
Apps_ENERGY,Base_CUDA,block_256,213334, PASSED     ,1.91625e-05,2239.56,612.309,build_lc_toss4-mvapich2-2.3.7-nvcc-12.9.1-90-gcc-10.3.1/RPBenchmark_H100_tier1/ENERGY_factor_512-kernel-run-data.csv,CUDA,Base_CUDA-block_256,612.309,2239.56
Apps_ENERGY,RAJA_CUDA,block_256,213334, PASSED     ,1.91626e-05,2239.54,612.306,build_lc_toss4-mvapich2-2.3.7-nvcc-12.9.1-90-gcc-10.3.1/RPBenchmark_H100_tier1/ENERGY_factor_512-kernel-run-data.csv,CUDA,RAJA_CUDA-block_256,612.306,2239.54
Apps_ENERGY,Base_CUDA,block_256,26667, PASSED     ,1.41226e-05,379.852,103.854,build_lc_toss4-mvapich2-2.3.7-nvcc-12.9.1-90-gcc-10.3.1/RPBenchmark_H100_tier1/ENERGY_factor_64-kernel-run-data.csv,CUDA,Base_CUDA-block_256,103.854,379.852
Apps_ENERGY,RAJA_CUDA,block_256,26667, PASSED     ,1.41413e-05,379.349,103.716,build_lc_toss4-mvapich2-2.3.7-nvcc-12.9.1-90-gcc-10.3.1/RPBenchmark_H100_tier1/ENERGY_factor_64-kernel-run-data.csv,CUDA,RAJA_CUDA-block_256,103.716,379.349
Apps_FEMSWEEP,Base_CUDA,block_128,395136, PASSED     ,0.00140806,46.3437,242.941,build_lc_toss4-mvapich2-2.3.7-nvcc-12.9.1-90-gcc-10.3.1/RPBenchmark_H100_tier1/FEMSWEEP_factor_1024-kernel-run-data.csv,CUDA,Base_CUDA-block_128,242.941,46.3437
Apps_FEMSWEEP,RAJA_CUDA,block_128,395136, PASSED     ,0.00179745,36.304,190.311,build_lc_toss4-mvapich2-2.3.7-nvcc-12.9.1-90-gcc-10.3.1/RPBenchmark_H100_tier1/FEMSWEEP_factor_1024-kernel-run-data.csv,CUDA,RAJA_CUDA-block_128,190.311,36.304
Apps_FEMSWEEP,Base_CUDA,block_128,73728, PASSED     ,0.000472426,24.4531,132.497,build_lc_toss4-mvapich2-2.3.7-nvcc-12.9.1-90-gcc-10.3.1/RPBenchmark_H100_tier1/FEMSWEEP_factor_128-kernel-run-data.csv,CUDA,Base_CUDA-block_128,132.497,24.4531
Apps_FEMSWEEP,RAJA_CUDA,block_128,73728, PASSED     ,0.000709257,16.2878,88.2544,build_lc_toss4-mvapich2-2.3.7-nvcc-12.9.1-90-gcc-10.3.1/RPBenchmark_H100_tier1/FEMSWEEP_factor_128-kernel-run-data.csv,CUDA,RAJA_CUDA-block_128,88.2544,16.2878
Apps_FEMSWEEP,Base_CUDA,block_128,589824, PASSED     ,0.00185198,53.0459,276.603,build_lc_toss4-mvapich2-2.3.7-nvcc-12.9.1-90-gcc-10.3.1/RPBenchmark_H100_tier1/FEMSWEEP_factor_1500-kernel-run-data.csv,CUDA,Base_CUDA-block_128,276.603,53.0459
Apps_FEMSWEEP,RAJA_CUDA,block_128,589824, PASSED     ,0.00232129,42.3211,220.68,build_lc_toss4-mvapich2-2.3.7-nvcc-12.9.1-90-gcc-10.3.1/RPBenchmark_H100_tier1/FEMSWEEP_factor_1500-kernel-run-data.csv,CUDA,RAJA_CUDA-block_128,220.68,42.3211
Apps_FEMSWEEP,Base_CUDA,block_128,144000, PASSED     ,0.00067062,34.4916,183.978,build_lc_toss4-mvapich2-2.3.7-nvcc-12.9.1-90-gcc-10.3.1/RPBenchmark_H100_tier1/FEMSWEEP_factor_256-kernel-run-data.csv,CUDA,Base_CUDA-block_128,183.978,34.4916
Apps_FEMSWEEP,RAJA_CUDA,block_128,144000, PASSED     ,0.00098248,23.5433,125.579,build_lc_toss4-mvapich2-2.3.7-nvcc-12.9.1-90-gcc-10.3.1/RPBenchmark_H100_tier1/FEMSWEEP_factor_256-kernel-run-data.csv,CUDA,RAJA_CUDA-block_128,125.579,23.5433
Apps_FEMSWEEP,Base_CUDA,block_128,1152000, PASSED     ,0.00332643,58.3672,302.127,build_lc_toss4-mvapich2-2.3.7-nvcc-12.9.1-90-gcc-10.3.1/RPBenchmark_H100_tier1/FEMSWEEP_factor_3000-kernel-run-data.csv,CUDA,Base_CUDA-block_128,302.127,58.3672
Apps_FEMSWEEP,RAJA_CUDA,block_128,1152000, PASSED     ,0.00395783,49.0558,253.928,build_lc_toss4-mvapich2-2.3.7-nvcc-12.9.1-90-gcc-10.3.1/RPBenchmark_H100_tier1/FEMSWEEP_factor_3000-kernel-run-data.csv,CUDA,RAJA_CUDA-block_128,253.928,49.0558
Apps_FEMSWEEP,Base_CUDA,block_128,31104, PASSED     ,0.000315192,14.8154,82.4987,build_lc_toss4-mvapich2-2.3.7-nvcc-12.9.1-90-gcc-10.3.1/RPBenchmark_H100_tier1/FEMSWEEP_factor_32-kernel-run-data.csv,CUDA,Base_CUDA-block_128,107.988,19.72225
Apps_FEMSWEEP,RAJA_CUDA,block_128,31104, PASSED     ,0.000466395,10.0123,55.7531,build_lc_toss4-mvapich2-2.3.7-nvcc-12.9.1-90-gcc-10.3.1/RPBenchmark_H100_tier1/FEMSWEEP_factor_32-kernel-run-data.csv,CUDA,RAJA_CUDA-block_128,72.00375,13.15005
Apps_FEMSWEEP,Base_CUDA,block_128,1533312, PASSED     ,0.00417454,62.1682,320.954,build_lc_toss4-mvapich2-2.3.7-nvcc-12.9.1-90-gcc-10.3.1/RPBenchmark_H100_tier1/FEMSWEEP_factor_4000-kernel-run-data.csv,CUDA,Base_CUDA-block_128,320.954,62.1682
Apps_FEMSWEEP,RAJA_CUDA,block_128,1533312, PASSED     ,0.00490786,52.8792,272.998,build_lc_toss4-mvapich2-2.3.7-nvcc-12.9.1-90-gcc-10.3.1/RPBenchmark_H100_tier1/FEMSWEEP_factor_4000-kernel-run-data.csv,CUDA,RAJA_CUDA-block_128,272.998,52.8792
Apps_FEMSWEEP,Base_CUDA,block_128,1990656, PASSED     ,0.00512822,65.9347,339.655,build_lc_toss4-mvapich2-2.3.7-nvcc-12.9.1-90-gcc-10.3.1/RPBenchmark_H100_tier1/FEMSWEEP_factor_5000-kernel-run-data.csv,CUDA,Base_CUDA-block_128,330.30449999999996,64.05145
Apps_FEMSWEEP,RAJA_CUDA,block_128,1990656, PASSED     ,0.00613706,55.096,283.82,build_lc_toss4-mvapich2-2.3.7-nvcc-12.9.1-90-gcc-10.3.1/RPBenchmark_H100_tier1/FEMSWEEP_factor_5000-kernel-run-data.csv,CUDA,RAJA_CUDA-block_128,278.409,53.9876
Apps_FEMSWEEP,Base_CUDA,block_128,248832, PASSED     ,0.000909834,44.651,235.75,build_lc_toss4-mvapich2-2.3.7-nvcc-12.9.1-90-gcc-10.3.1/RPBenchmark_H100_tier1/FEMSWEEP_factor_512-kernel-run-data.csv,CUDA,Base_CUDA-block_128,235.75,44.651
Apps_FEMSWEEP,RAJA_CUDA,block_128,248832, PASSED     ,0.00132572,30.6438,161.794,build_lc_toss4-mvapich2-2.3.7-nvcc-12.9.1-90-gcc-10.3.1/RPBenchmark_H100_tier1/FEMSWEEP_factor_512-kernel-run-data.csv,CUDA,RAJA_CUDA-block_128,161.794,30.6438
Apps_FEMSWEEP,Base_CUDA,block_128,2530944, PASSED     ,0.00649097,66.4285,341.568,build_lc_toss4-mvapich2-2.3.7-nvcc-12.9.1-90-gcc-10.3.1/RPBenchmark_H100_tier1/FEMSWEEP_factor_6000-kernel-run-data.csv,CUDA,Base_CUDA-block_128,339.655,65.9347
Apps_FEMSWEEP,RAJA_CUDA,block_128,2530944, PASSED     ,0.00745631,57.8283,297.347,build_lc_toss4-mvapich2-2.3.7-nvcc-12.9.1-90-gcc-10.3.1/RPBenchmark_H100_tier1/FEMSWEEP_factor_6000-kernel-run-data.csv,CUDA,RAJA_CUDA-block_128,283.82,55.096
Apps_FEMSWEEP,Base_CUDA,block_128,31104, PASSED     ,0.000311491,14.9914,83.479,build_lc_toss4-mvapich2-2.3.7-nvcc-12.9.1-90-gcc-10.3.1/RPBenchmark_H100_tier1/FEMSWEEP_factor_64-kernel-run-data.csv,CUDA,Base_CUDA-block_128,107.988,19.72225
Apps_FEMSWEEP,RAJA_CUDA,block_128,31104, PASSED     ,0.000466834,10.0029,55.7006,build_lc_toss4-mvapich2-2.3.7-nvcc-12.9.1-90-gcc-10.3.1/RPBenchmark_H100_tier1/FEMSWEEP_factor_64-kernel-run-data.csv,CUDA,RAJA_CUDA-block_128,72.00375,13.15005
Apps_INTSC_HEXRECT,Base_CUDA,block_64,1728, PASSED     ,0.000151996,0.516309,40.9274,build_lc_toss4-mvapich2-2.3.7-nvcc-12.9.1-90-gcc-10.3.1/RPBenchmark_H100_tier1/INTSC_HEXRECT_factor_1-kernel-run-data.csv,CUDA,Base_CUDA-block_64,137.7,1.71401
Apps_INTSC_HEXRECT,RAJA_CUDA,block_64,1728, PASSED     ,0.000150539,0.521307,41.3235,build_lc_toss4-mvapich2-2.3.7-nvcc-12.9.1-90-gcc-10.3.1/RPBenchmark_H100_tier1/INTSC_HEXRECT_factor_1-kernel-run-data.csv,CUDA,RAJA_CUDA-block_64,139.235,1.73312
Apps_INTSC_HEXRECT,Base_CUDA,block_64,1124864, PASSED     ,0.00251478,19.6528,1610.28,build_lc_toss4-mvapich2-2.3.7-nvcc-12.9.1-90-gcc-10.3.1/RPBenchmark_H100_tier1/INTSC_HEXRECT_factor_1024-kernel-run-data.csv,CUDA,Base_CUDA-block_64,1610.28,19.6528
Apps_INTSC_HEXRECT,RAJA_CUDA,block_64,1124864, PASSED     ,0.00300226,16.4618,1348.82,build_lc_toss4-mvapich2-2.3.7-nvcc-12.9.1-90-gcc-10.3.1/RPBenchmark_H100_tier1/INTSC_HEXRECT_factor_1024-kernel-run-data.csv,CUDA,RAJA_CUDA-block_64,1348.82,16.4618
Apps_INTSC_HEXRECT,Base_CUDA,block_64,140608, PASSED     ,0.000386682,16.0385,1309.06,build_lc_toss4-mvapich2-2.3.7-nvcc-12.9.1-90-gcc-10.3.1/RPBenchmark_H100_tier1/INTSC_HEXRECT_factor_128-kernel-run-data.csv,CUDA,Base_CUDA-block_64,1309.06,16.0385
Apps_INTSC_HEXRECT,RAJA_CUDA,block_64,140608, PASSED     ,0.000446874,13.8782,1132.73,build_lc_toss4-mvapich2-2.3.7-nvcc-12.9.1-90-gcc-10.3.1/RPBenchmark_H100_tier1/INTSC_HEXRECT_factor_128-kernel-run-data.csv,CUDA,RAJA_CUDA-block_64,1132.73,13.8782
Apps_INTSC_HEXRECT,Base_CUDA,block_64,1643032, PASSED     ,0.00358028,20.1538,1652.08,build_lc_toss4-mvapich2-2.3.7-nvcc-12.9.1-90-gcc-10.3.1/RPBenchmark_H100_tier1/INTSC_HEXRECT_factor_1500-kernel-run-data.csv,CUDA,Base_CUDA-block_64,1631.1799999999998,19.9033
Apps_INTSC_HEXRECT,RAJA_CUDA,block_64,1643032, PASSED     ,0.0043389,16.6301,1363.23,build_lc_toss4-mvapich2-2.3.7-nvcc-12.9.1-90-gcc-10.3.1/RPBenchmark_H100_tier1/INTSC_HEXRECT_factor_1500-kernel-run-data.csv,CUDA,RAJA_CUDA-block_64,1356.025,16.545949999999998
Apps_INTSC_HEXRECT,Base_CUDA,block_64,17576, PASSED     ,0.000160762,4.86163,393.586,build_lc_toss4-mvapich2-2.3.7-nvcc-12.9.1-90-gcc-10.3.1/RPBenchmark_H100_tier1/INTSC_HEXRECT_factor_16-kernel-run-data.csv,CUDA,Base_CUDA-block_64,393.586,4.86163
Apps_INTSC_HEXRECT,RAJA_CUDA,block_64,17576, PASSED     ,0.0001574,4.96548,401.992,build_lc_toss4-mvapich2-2.3.7-nvcc-12.9.1-90-gcc-10.3.1/RPBenchmark_H100_tier1/INTSC_HEXRECT_factor_16-kernel-run-data.csv,CUDA,RAJA_CUDA-block_64,401.992,4.96548
Apps_INTSC_HEXRECT,Base_CUDA,block_64,287496, PASSED     ,0.000729745,17.3479,1418.28,build_lc_toss4-mvapich2-2.3.7-nvcc-12.9.1-90-gcc-10.3.1/RPBenchmark_H100_tier1/INTSC_HEXRECT_factor_256-kernel-run-data.csv,CUDA,Base_CUDA-block_64,1418.28,17.3479
Apps_INTSC_HEXRECT,RAJA_CUDA,block_64,287496, PASSED     ,0.000843567,15.0072,1226.92,build_lc_toss4-mvapich2-2.3.7-nvcc-12.9.1-90-gcc-10.3.1/RPBenchmark_H100_tier1/INTSC_HEXRECT_factor_256-kernel-run-data.csv,CUDA,RAJA_CUDA-block_64,1226.92,15.0072
Apps_INTSC_HEXRECT,Base_CUDA,block_64,3241792, PASSED     ,0.00694552,20.4841,1680.28,build_lc_toss4-mvapich2-2.3.7-nvcc-12.9.1-90-gcc-10.3.1/RPBenchmark_H100_tier1/INTSC_HEXRECT_factor_3000-kernel-run-data.csv,CUDA,Base_CUDA-block_64,1652.08,20.1538
Apps_INTSC_HEXRECT,RAJA_CUDA,block_64,3241792, PASSED     ,0.00839824,16.9407,1389.63,build_lc_toss4-mvapich2-2.3.7-nvcc-12.9.1-90-gcc-10.3.1/RPBenchmark_H100_tier1/INTSC_HEXRECT_factor_3000-kernel-run-data.csv,CUDA,RAJA_CUDA-block_64,1363.23,16.6301
Apps_INTSC_HEXRECT,Base_CUDA,block_64,39304, PASSED     ,0.000176485,9.86465,801.736,build_lc_toss4-mvapich2-2.3.7-nvcc-12.9.1-90-gcc-10.3.1/RPBenchmark_H100_tier1/INTSC_HEXRECT_factor_32-kernel-run-data.csv,CUDA,Base_CUDA-block_64,801.736,9.86465
Apps_INTSC_HEXRECT,RAJA_CUDA,block_64,39304, PASSED     ,0.000171716,10.1386,824.002,build_lc_toss4-mvapich2-2.3.7-nvcc-12.9.1-90-gcc-10.3.1/RPBenchmark_H100_tier1/INTSC_HEXRECT_factor_32-kernel-run-data.csv,CUDA,RAJA_CUDA-block_64,824.002,10.1386
Apps_INTSC_HEXRECT,Base_CUDA,block_64,5832, PASSED     ,0.000152471,1.71401,137.7,build_lc_toss4-mvapich2-2.3.7-nvcc-12.9.1-90-gcc-10.3.1/RPBenchmark_H100_tier1/INTSC_HEXRECT_factor_4-kernel-run-data.csv,CUDA,Base_CUDA-block_64,265.64300000000003,3.28782
Apps_INTSC_HEXRECT,RAJA_CUDA,block_64,5832, PASSED     ,0.00015079,1.73312,139.235,build_lc_toss4-mvapich2-2.3.7-nvcc-12.9.1-90-gcc-10.3.1/RPBenchmark_H100_tier1/INTSC_HEXRECT_factor_4-kernel-run-data.csv,CUDA,RAJA_CUDA-block_64,270.61350000000004,3.3493000000000004
Apps_INTSC_HEXRECT,Base_CUDA,block_64,551368, PASSED     ,0.00127534,19.0146,1556.39,build_lc_toss4-mvapich2-2.3.7-nvcc-12.9.1-90-gcc-10.3.1/RPBenchmark_H100_tier1/INTSC_HEXRECT_factor_512-kernel-run-data.csv,CUDA,Base_CUDA-block_64,1556.39,19.0146
Apps_INTSC_HEXRECT,RAJA_CUDA,block_64,551368, PASSED     ,0.00153194,15.8297,1295.69,build_lc_toss4-mvapich2-2.3.7-nvcc-12.9.1-90-gcc-10.3.1/RPBenchmark_H100_tier1/INTSC_HEXRECT_factor_512-kernel-run-data.csv,CUDA,RAJA_CUDA-block_64,1295.69,15.8297
Apps_INTSC_HEXRECT,Base_CUDA,block_64,74088, PASSED     ,0.000211604,15.4723,1260.45,build_lc_toss4-mvapich2-2.3.7-nvcc-12.9.1-90-gcc-10.3.1/RPBenchmark_H100_tier1/INTSC_HEXRECT_factor_64-kernel-run-data.csv,CUDA,Base_CUDA-block_64,1260.45,15.4723
Apps_INTSC_HEXRECT,RAJA_CUDA,block_64,74088, PASSED     ,0.000292842,11.1801,910.787,build_lc_toss4-mvapich2-2.3.7-nvcc-12.9.1-90-gcc-10.3.1/RPBenchmark_H100_tier1/INTSC_HEXRECT_factor_64-kernel-run-data.csv,CUDA,RAJA_CUDA-block_64,910.787,11.1801
Apps_MASS3DEA,Base_CUDA,compile_time_block_stride_loop_64,6213632, PASSED     ,0.000258296,184.703,168.394,build_lc_toss4-mvapich2-2.3.7-nvcc-12.9.1-90-gcc-10.3.1/RPBenchmark_H100_tier1/MASS3DEA_factor_1024-kernel-run-data.csv,CUDA,Base_CUDA-compile_time_block_stride_loop_64,168.394,184.703
Apps_MASS3DEA,RAJA_CUDA,compile_time_block_stride_loop_64,6213632, PASSED     ,0.000242986,196.341,179.004,build_lc_toss4-mvapich2-2.3.7-nvcc-12.9.1-90-gcc-10.3.1/RPBenchmark_H100_tier1/MASS3DEA_factor_1024-kernel-run-data.csv,CUDA,RAJA_CUDA-compile_time_block_stride_loop_64,179.004,196.341
Apps_MASS3DEA,RAJA_CUDA,cached_block_stride_loop_64,6213632, PASSED     ,0.000268412,177.742,162.047,build_lc_toss4-mvapich2-2.3.7-nvcc-12.9.1-90-gcc-10.3.1/RPBenchmark_H100_tier1/MASS3DEA_factor_1024-kernel-run-data.csv,CUDA,RAJA_CUDA-cached_block_stride_loop_64,162.047,177.742
Apps_MASS3DEA,Base_CUDA,compile_time_block_stride_loop_64,778240, PASSED     ,0.000113315,52.733,48.0755,build_lc_toss4-mvapich2-2.3.7-nvcc-12.9.1-90-gcc-10.3.1/RPBenchmark_H100_tier1/MASS3DEA_factor_128-kernel-run-data.csv,CUDA,Base_CUDA-compile_time_block_stride_loop_64,48.0755,52.733
Apps_MASS3DEA,RAJA_CUDA,compile_time_block_stride_loop_64,778240, PASSED     ,7.5272e-05,79.3846,72.3733,build_lc_toss4-mvapich2-2.3.7-nvcc-12.9.1-90-gcc-10.3.1/RPBenchmark_H100_tier1/MASS3DEA_factor_128-kernel-run-data.csv,CUDA,RAJA_CUDA-compile_time_block_stride_loop_64,72.3733,79.3846
Apps_MASS3DEA,RAJA_CUDA,cached_block_stride_loop_64,778240, PASSED     ,8.129e-05,73.5077,67.0154,build_lc_toss4-mvapich2-2.3.7-nvcc-12.9.1-90-gcc-10.3.1/RPBenchmark_H100_tier1/MASS3DEA_factor_128-kernel-run-data.csv,CUDA,RAJA_CUDA-cached_block_stride_loop_64,67.0154,73.5077
Apps_MASS3DEA,Base_CUDA,compile_time_block_stride_loop_64,9101312, PASSED     ,0.000362756,192.635,175.625,build_lc_toss4-mvapich2-2.3.7-nvcc-12.9.1-90-gcc-10.3.1/RPBenchmark_H100_tier1/MASS3DEA_factor_1500-kernel-run-data.csv,CUDA,Base_CUDA-compile_time_block_stride_loop_64,175.625,192.635
Apps_MASS3DEA,RAJA_CUDA,compile_time_block_stride_loop_64,9101312, PASSED     ,0.00034451,202.838,184.927,build_lc_toss4-mvapich2-2.3.7-nvcc-12.9.1-90-gcc-10.3.1/RPBenchmark_H100_tier1/MASS3DEA_factor_1500-kernel-run-data.csv,CUDA,RAJA_CUDA-compile_time_block_stride_loop_64,184.927,202.838
Apps_MASS3DEA,RAJA_CUDA,cached_block_stride_loop_64,9101312, PASSED     ,0.000381056,183.384,167.191,build_lc_toss4-mvapich2-2.3.7-nvcc-12.9.1-90-gcc-10.3.1/RPBenchmark_H100_tier1/MASS3DEA_factor_1500-kernel-run-data.csv,CUDA,RAJA_CUDA-cached_block_stride_loop_64,167.191,183.384
Apps_MASS3DEA,Base_CUDA,compile_time_block_stride_loop_64,1556480, PASSED     ,0.000121374,98.462,89.7668,build_lc_toss4-mvapich2-2.3.7-nvcc-12.9.1-90-gcc-10.3.1/RPBenchmark_H100_tier1/MASS3DEA_factor_256-kernel-run-data.csv,CUDA,Base_CUDA-compile_time_block_stride_loop_64,89.7668,98.462
Apps_MASS3DEA,RAJA_CUDA,compile_time_block_stride_loop_64,1556480, PASSED     ,9.9969e-05,119.544,108.987,build_lc_toss4-mvapich2-2.3.7-nvcc-12.9.1-90-gcc-10.3.1/RPBenchmark_H100_tier1/MASS3DEA_factor_256-kernel-run-data.csv,CUDA,RAJA_CUDA-compile_time_block_stride_loop_64,108.987,119.544
Apps_MASS3DEA,RAJA_CUDA,cached_block_stride_loop_64,1556480, PASSED     ,0.00010843,110.216,100.483,build_lc_toss4-mvapich2-2.3.7-nvcc-12.9.1-90-gcc-10.3.1/RPBenchmark_H100_tier1/MASS3DEA_factor_256-kernel-run-data.csv,CUDA,RAJA_CUDA-cached_block_stride_loop_64,100.483,110.216
Apps_MASS3DEA,Base_CUDA,compile_time_block_stride_loop_64,18198528, PASSED     ,0.000633057,220.719,201.229,build_lc_toss4-mvapich2-2.3.7-nvcc-12.9.1-90-gcc-10.3.1/RPBenchmark_H100_tier1/MASS3DEA_factor_3000-kernel-run-data.csv,CUDA,Base_CUDA-compile_time_block_stride_loop_64,201.229,220.719
Apps_MASS3DEA,RAJA_CUDA,compile_time_block_stride_loop_64,18198528, PASSED     ,0.000615288,227.093,207.041,build_lc_toss4-mvapich2-2.3.7-nvcc-12.9.1-90-gcc-10.3.1/RPBenchmark_H100_tier1/MASS3DEA_factor_3000-kernel-run-data.csv,CUDA,RAJA_CUDA-compile_time_block_stride_loop_64,206.783,226.81
Apps_MASS3DEA,RAJA_CUDA,cached_block_stride_loop_64,18198528, PASSED     ,0.000685338,203.881,185.879,build_lc_toss4-mvapich2-2.3.7-nvcc-12.9.1-90-gcc-10.3.1/RPBenchmark_H100_tier1/MASS3DEA_factor_3000-kernel-run-data.csv,CUDA,RAJA_CUDA-cached_block_stride_loop_64,184.984,202.9
Apps_MASS3DEA,Base_CUDA,compile_time_block_stride_loop_64,196608, PASSED     ,0.000111754,13.5091,12.315,build_lc_toss4-mvapich2-2.3.7-nvcc-12.9.1-90-gcc-10.3.1/RPBenchmark_H100_tier1/MASS3DEA_factor_32-kernel-run-data.csv,CUDA,Base_CUDA-compile_time_block_stride_loop_64,24.1956,26.5402
Apps_MASS3DEA,RAJA_CUDA,compile_time_block_stride_loop_64,196608, PASSED     ,7.5449e-05,20.0095,18.2409,build_lc_toss4-mvapich2-2.3.7-nvcc-12.9.1-90-gcc-10.3.1/RPBenchmark_H100_tier1/MASS3DEA_factor_32-kernel-run-data.csv,CUDA,RAJA_CUDA-compile_time_block_stride_loop_64,36.0334,39.5253
Apps_MASS3DEA,RAJA_CUDA,cached_block_stride_loop_64,196608, PASSED     ,7.939e-05,19.0162,17.3354,build_lc_toss4-mvapich2-2.3.7-nvcc-12.9.1-90-gcc-10.3.1/RPBenchmark_H100_tier1/MASS3DEA_factor_32-kernel-run-data.csv,CUDA,RAJA_CUDA-cached_block_stride_loop_64,34.0535,37.3535
Apps_MASS3DEA,Base_CUDA,compile_time_block_stride_loop_64,24260608, PASSED     ,0.000835753,222.879,203.199,build_lc_toss4-mvapich2-2.3.7-nvcc-12.9.1-90-gcc-10.3.1/RPBenchmark_H100_tier1/MASS3DEA_factor_4000-kernel-run-data.csv,CUDA,Base_CUDA-compile_time_block_stride_loop_64,202.929,222.583
Apps_MASS3DEA,RAJA_CUDA,compile_time_block_stride_loop_64,24260608, PASSED     ,0.000818615,227.545,207.453,build_lc_toss4-mvapich2-2.3.7-nvcc-12.9.1-90-gcc-10.3.1/RPBenchmark_H100_tier1/MASS3DEA_factor_4000-kernel-run-data.csv,CUDA,RAJA_CUDA-compile_time_block_stride_loop_64,206.783,226.81
Apps_MASS3DEA,RAJA_CUDA,cached_block_stride_loop_64,24260608, PASSED     ,0.000912241,204.192,186.162,build_lc_toss4-mvapich2-2.3.7-nvcc-12.9.1-90-gcc-10.3.1/RPBenchmark_H100_tier1/MASS3DEA_factor_4000-kernel-run-data.csv,CUDA,RAJA_CUDA-cached_block_stride_loop_64,185.879,203.881
Apps_MASS3DEA,Base_CUDA,compile_time_block_stride_loop_64,30326784, PASSED     ,0.00104612,222.583,202.929,build_lc_toss4-mvapich2-2.3.7-nvcc-12.9.1-90-gcc-10.3.1/RPBenchmark_H100_tier1/MASS3DEA_factor_5000-kernel-run-data.csv,CUDA,Base_CUDA-compile_time_block_stride_loop_64,203.06400000000002,222.731
Apps_MASS3DEA,RAJA_CUDA,compile_time_block_stride_loop_64,30326784, PASSED     ,0.00102662,226.81,206.783,build_lc_toss4-mvapich2-2.3.7-nvcc-12.9.1-90-gcc-10.3.1/RPBenchmark_H100_tier1/MASS3DEA_factor_5000-kernel-run-data.csv,CUDA,RAJA_CUDA-compile_time_block_stride_loop_64,206.91199999999998,226.9515
Apps_MASS3DEA,RAJA_CUDA,cached_block_stride_loop_64,30326784, PASSED     ,0.0011476,202.9,184.984,build_lc_toss4-mvapich2-2.3.7-nvcc-12.9.1-90-gcc-10.3.1/RPBenchmark_H100_tier1/MASS3DEA_factor_5000-kernel-run-data.csv,CUDA,RAJA_CUDA-cached_block_stride_loop_64,186.0205,204.0365
Apps_MASS3DEA,Base_CUDA,compile_time_block_stride_loop_64,3108864, PASSED     ,0.000141652,168.511,153.63,build_lc_toss4-mvapich2-2.3.7-nvcc-12.9.1-90-gcc-10.3.1/RPBenchmark_H100_tier1/MASS3DEA_factor_512-kernel-run-data.csv,CUDA,Base_CUDA-compile_time_block_stride_loop_64,153.63,168.511
Apps_MASS3DEA,RAJA_CUDA,compile_time_block_stride_loop_64,3108864, PASSED     ,0.000140522,169.866,154.866,build_lc_toss4-mvapich2-2.3.7-nvcc-12.9.1-90-gcc-10.3.1/RPBenchmark_H100_tier1/MASS3DEA_factor_512-kernel-run-data.csv,CUDA,RAJA_CUDA-compile_time_block_stride_loop_64,154.866,169.866
Apps_MASS3DEA,RAJA_CUDA,cached_block_stride_loop_64,3108864, PASSED     ,0.000169725,140.638,128.219,build_lc_toss4-mvapich2-2.3.7-nvcc-12.9.1-90-gcc-10.3.1/RPBenchmark_H100_tier1/MASS3DEA_factor_512-kernel-run-data.csv,CUDA,RAJA_CUDA-cached_block_stride_loop_64,128.219,140.638
Apps_MASS3DEA,Base_CUDA,compile_time_block_stride_loop_64,36392960, PASSED     ,0.00123933,225.464,205.556,build_lc_toss4-mvapich2-2.3.7-nvcc-12.9.1-90-gcc-10.3.1/RPBenchmark_H100_tier1/MASS3DEA_factor_6000-kernel-run-data.csv,CUDA,Base_CUDA-compile_time_block_stride_loop_64,203.199,222.879
Apps_MASS3DEA,RAJA_CUDA,compile_time_block_stride_loop_64,36392960, PASSED     ,0.0013624,205.096,186.986,build_lc_toss4-mvapich2-2.3.7-nvcc-12.9.1-90-gcc-10.3.1/RPBenchmark_H100_tier1/MASS3DEA_factor_6000-kernel-run-data.csv,CUDA,RAJA_CUDA-compile_time_block_stride_loop_64,206.783,226.81
Apps_MASS3DEA,RAJA_CUDA,cached_block_stride_loop_64,36392960, PASSED     ,0.00133947,208.608,190.188,build_lc_toss4-mvapich2-2.3.7-nvcc-12.9.1-90-gcc-10.3.1/RPBenchmark_H100_tier1/MASS3DEA_factor_6000-kernel-run-data.csv,CUDA,RAJA_CUDA-cached_block_stride_loop_64,186.162,204.192
Apps_MASS3DEA,Base_CUDA,compile_time_block_stride_loop_64,389120, PASSED     ,0.000112576,26.5402,24.1956,build_lc_toss4-mvapich2-2.3.7-nvcc-12.9.1-90-gcc-10.3.1/RPBenchmark_H100_tier1/MASS3DEA_factor_64-kernel-run-data.csv,CUDA,Base_CUDA-compile_time_block_stride_loop_64,36.135549999999995,39.6366
Apps_MASS3DEA,RAJA_CUDA,compile_time_block_stride_loop_64,389120, PASSED     ,7.5592e-05,39.5253,36.0334,build_lc_toss4-mvapich2-2.3.7-nvcc-12.9.1-90-gcc-10.3.1/RPBenchmark_H100_tier1/MASS3DEA_factor_64-kernel-run-data.csv,CUDA,RAJA_CUDA-compile_time_block_stride_loop_64,54.20335,59.454950000000004
Apps_MASS3DEA,RAJA_CUDA,cached_block_stride_loop_64,389120, PASSED     ,7.9987e-05,37.3535,34.0535,build_lc_toss4-mvapich2-2.3.7-nvcc-12.9.1-90-gcc-10.3.1/RPBenchmark_H100_tier1/MASS3DEA_factor_64-kernel-run-data.csv,CUDA,RAJA_CUDA-cached_block_stride_loop_64,50.53445,55.4306
Apps_MASS3DPA_ATOMIC,Base_CUDA,block_64,729, PASSED     ,3.63772e-06,16.4323,32.8469,build_lc_toss4-mvapich2-2.3.7-nvcc-12.9.1-90-gcc-10.3.1/RPBenchmark_H100_tier1/MASS3DPA_ATOMIC_factor_1-kernel-run-data.csv,CUDA,Base_CUDA-block_64,173.482,83.4606
Apps_MASS3DPA_ATOMIC,RAJA_CUDA,block_64,729, FAILED     ,3.60428e-06,16.5847,33.1517,build_lc_toss4-mvapich2-2.3.7-nvcc-12.9.1-90-gcc-10.3.1/RPBenchmark_H100_tier1/MASS3DPA_ATOMIC_factor_1-kernel-run-data.csv,CUDA,RAJA_CUDA-block_64,173.226,83.3373
Apps_MASS3DPA_ATOMIC,Base_CUDA,block_64,531441, PASSED     ,5.88344e-05,939.431,2030.92,build_lc_toss4-mvapich2-2.3.7-nvcc-12.9.1-90-gcc-10.3.1/RPBenchmark_H100_tier1/MASS3DPA_ATOMIC_factor_1024-kernel-run-data.csv,CUDA,Base_CUDA-block_64,2030.92,939.431
Apps_MASS3DPA_ATOMIC,RAJA_CUDA,block_64,531441, FAILED     ,5.90708e-05,935.672,2022.79,build_lc_toss4-mvapich2-2.3.7-nvcc-12.9.1-90-gcc-10.3.1/RPBenchmark_H100_tier1/MASS3DPA_ATOMIC_factor_1024-kernel-run-data.csv,CUDA,RAJA_CUDA-block_64,2022.79,935.672
Apps_MASS3DPA_ATOMIC,Base_CUDA,block_64,68921, PASSED     ,1.00152e-05,695.402,1491.33,build_lc_toss4-mvapich2-2.3.7-nvcc-12.9.1-90-gcc-10.3.1/RPBenchmark_H100_tier1/MASS3DPA_ATOMIC_factor_128-kernel-run-data.csv,CUDA,Base_CUDA-block_64,1491.33,695.402
Apps_MASS3DPA_ATOMIC,RAJA_CUDA,block_64,68921, FAILED     ,9.91706e-06,702.286,1506.09,build_lc_toss4-mvapich2-2.3.7-nvcc-12.9.1-90-gcc-10.3.1/RPBenchmark_H100_tier1/MASS3DPA_ATOMIC_factor_128-kernel-run-data.csv,CUDA,RAJA_CUDA-block_64,1506.09,702.286
Apps_MASS3DPA_ATOMIC,Base_CUDA,block_64,753571, PASSED     ,7.99921e-05,982.931,2126.84,build_lc_toss4-mvapich2-2.3.7-nvcc-12.9.1-90-gcc-10.3.1/RPBenchmark_H100_tier1/MASS3DPA_ATOMIC_factor_1500-kernel-run-data.csv,CUDA,Base_CUDA-block_64,2078.88,961.181
Apps_MASS3DPA_ATOMIC,RAJA_CUDA,block_64,753571, FAILED     ,8.0145e-05,981.056,2122.78,build_lc_toss4-mvapich2-2.3.7-nvcc-12.9.1-90-gcc-10.3.1/RPBenchmark_H100_tier1/MASS3DPA_ATOMIC_factor_1500-kernel-run-data.csv,CUDA,RAJA_CUDA-block_64,2072.785,958.364
Apps_MASS3DPA_ATOMIC,Base_CUDA,block_64,9261, PASSED     ,4.21302e-06,210.085,443.15,build_lc_toss4-mvapich2-2.3.7-nvcc-12.9.1-90-gcc-10.3.1/RPBenchmark_H100_tier1/MASS3DPA_ATOMIC_factor_16-kernel-run-data.csv,CUDA,Base_CUDA-block_64,443.15,210.085
Apps_MASS3DPA_ATOMIC,RAJA_CUDA,block_64,9261, FAILED     ,4.22232e-06,209.622,442.174,build_lc_toss4-mvapich2-2.3.7-nvcc-12.9.1-90-gcc-10.3.1/RPBenchmark_H100_tier1/MASS3DPA_ATOMIC_factor_16-kernel-run-data.csv,CUDA,RAJA_CUDA-block_64,442.174,209.622
Apps_MASS3DPA_ATOMIC,Base_CUDA,block_64,132651, PASSED     ,1.60569e-05,844.425,1816.78,build_lc_toss4-mvapich2-2.3.7-nvcc-12.9.1-90-gcc-10.3.1/RPBenchmark_H100_tier1/MASS3DPA_ATOMIC_factor_256-kernel-run-data.csv,CUDA,Base_CUDA-block_64,1816.78,844.425
Apps_MASS3DPA_ATOMIC,RAJA_CUDA,block_64,132651, FAILED     ,1.60563e-05,844.459,1816.85,build_lc_toss4-mvapich2-2.3.7-nvcc-12.9.1-90-gcc-10.3.1/RPBenchmark_H100_tier1/MASS3DPA_ATOMIC_factor_256-kernel-run-data.csv,CUDA,RAJA_CUDA-block_64,1816.85,844.459
Apps_MASS3DPA_ATOMIC,Base_CUDA,block_64,1442897, PASSED     ,0.000153331,986.879,2138.34,build_lc_toss4-mvapich2-2.3.7-nvcc-12.9.1-90-gcc-10.3.1/RPBenchmark_H100_tier1/MASS3DPA_ATOMIC_factor_3000-kernel-run-data.csv,CUDA,Base_CUDA-block_64,2126.84,982.931
Apps_MASS3DPA_ATOMIC,RAJA_CUDA,block_64,1442897, FAILED     ,0.000153549,985.482,2135.32,build_lc_toss4-mvapich2-2.3.7-nvcc-12.9.1-90-gcc-10.3.1/RPBenchmark_H100_tier1/MASS3DPA_ATOMIC_factor_3000-kernel-run-data.csv,CUDA,RAJA_CUDA-block_64,2122.78,981.056
Apps_MASS3DPA_ATOMIC,Base_CUDA,block_64,19683, PASSED     ,5.4472e-06,354.239,753.011,build_lc_toss4-mvapich2-2.3.7-nvcc-12.9.1-90-gcc-10.3.1/RPBenchmark_H100_tier1/MASS3DPA_ATOMIC_factor_32-kernel-run-data.csv,CUDA,Base_CUDA-block_64,753.011,354.239
Apps_MASS3DPA_ATOMIC,RAJA_CUDA,block_64,19683, FAILED     ,5.44134e-06,354.621,753.821,build_lc_toss4-mvapich2-2.3.7-nvcc-12.9.1-90-gcc-10.3.1/RPBenchmark_H100_tier1/MASS3DPA_ATOMIC_factor_32-kernel-run-data.csv,CUDA,RAJA_CUDA-block_64,753.821,354.621
Apps_MASS3DPA_ATOMIC,Base_CUDA,block_64,3375, PASSED     ,3.69134e-06,83.4606,173.482,build_lc_toss4-mvapich2-2.3.7-nvcc-12.9.1-90-gcc-10.3.1/RPBenchmark_H100_tier1/MASS3DPA_ATOMIC_factor_4-kernel-run-data.csv,CUDA,Base_CUDA-block_64,308.316,146.77280000000002
Apps_MASS3DPA_ATOMIC,RAJA_CUDA,block_64,3375, FAILED     ,3.6968e-06,83.3373,173.226,build_lc_toss4-mvapich2-2.3.7-nvcc-12.9.1-90-gcc-10.3.1/RPBenchmark_H100_tier1/MASS3DPA_ATOMIC_factor_4-kernel-run-data.csv,CUDA,RAJA_CUDA-block_64,307.7,146.47965
Apps_MASS3DPA_ATOMIC,Base_CUDA,block_64,250047, PASSED     ,2.86192e-05,901.055,1943.44,build_lc_toss4-mvapich2-2.3.7-nvcc-12.9.1-90-gcc-10.3.1/RPBenchmark_H100_tier1/MASS3DPA_ATOMIC_factor_512-kernel-run-data.csv,CUDA,Base_CUDA-block_64,1943.44,901.055
Apps_MASS3DPA_ATOMIC,RAJA_CUDA,block_64,250047, FAILED     ,2.86824e-05,899.07,1939.16,build_lc_toss4-mvapich2-2.3.7-nvcc-12.9.1-90-gcc-10.3.1/RPBenchmark_H100_tier1/MASS3DPA_ATOMIC_factor_512-kernel-run-data.csv,CUDA,RAJA_CUDA-block_64,1939.16,899.07
Apps_MASS3DPA_ATOMIC,Base_CUDA,block_64,35937, PASSED     ,6.84084e-06,523.392,1117.88,build_lc_toss4-mvapich2-2.3.7-nvcc-12.9.1-90-gcc-10.3.1/RPBenchmark_H100_tier1/MASS3DPA_ATOMIC_factor_64-kernel-run-data.csv,CUDA,Base_CUDA-block_64,1117.88,523.392
Apps_MASS3DPA_ATOMIC,RAJA_CUDA,block_64,35937, FAILED     ,6.87678e-06,520.657,1112.04,build_lc_toss4-mvapich2-2.3.7-nvcc-12.9.1-90-gcc-10.3.1/RPBenchmark_H100_tier1/MASS3DPA_ATOMIC_factor_64-kernel-run-data.csv,CUDA,RAJA_CUDA-block_64,1112.04,520.657
Apps_MASSVEC3DPA,Base_CUDA,runtime_block_stride_loop_64,5376, PASSED     ,7.4796e-06,6.3154,20.6642,build_lc_toss4-mvapich2-2.3.7-nvcc-12.9.1-90-gcc-10.3.1/RPBenchmark_H100_tier1/MASSVEC3DPA_factor_1-kernel-run-data.csv,CUDA,Base_CUDA-runtime_block_stride_loop_64,81.4118,24.8459
Apps_MASSVEC3DPA,Base_CUDA,direct_64,5376, PASSED     ,4.58986e-06,10.2915,33.6742,build_lc_toss4-mvapich2-2.3.7-nvcc-12.9.1-90-gcc-10.3.1/RPBenchmark_H100_tier1/MASSVEC3DPA_factor_1-kernel-run-data.csv,CUDA,Base_CUDA-direct_64,132.216,40.3507
Apps_MASSVEC3DPA,RAJA_CUDA,runtime_block_stride_loop_64,5376, PASSED     ,7.08548e-06,6.66669,21.8136,build_lc_toss4-mvapich2-2.3.7-nvcc-12.9.1-90-gcc-10.3.1/RPBenchmark_H100_tier1/MASSVEC3DPA_factor_1-kernel-run-data.csv,CUDA,RAJA_CUDA-runtime_block_stride_loop_64,86.6557,26.4463
Apps_MASSVEC3DPA,RAJA_CUDA,direct_64,5376, PASSED     ,4.37152e-06,10.8056,35.3561,build_lc_toss4-mvapich2-2.3.7-nvcc-12.9.1-90-gcc-10.3.1/RPBenchmark_H100_tier1/MASSVEC3DPA_factor_1-kernel-run-data.csv,CUDA,RAJA_CUDA-direct_64,139.267,42.5025
Apps_MASSVEC3DPA,RAJA_CUDA,cached_block_stride_loop_64,5376, PASSED     ,7.11356e-06,6.64037,21.7275,build_lc_toss4-mvapich2-2.3.7-nvcc-12.9.1-90-gcc-10.3.1/RPBenchmark_H100_tier1/MASSVEC3DPA_factor_1-kernel-run-data.csv,CUDA,RAJA_CUDA-cached_block_stride_loop_64,86.7215,26.4663
Apps_MASSVEC3DPA,Base_CUDA,runtime_block_stride_loop_64,5437248, PASSED     ,9.13083e-05,522.236,1712.01,build_lc_toss4-mvapich2-2.3.7-nvcc-12.9.1-90-gcc-10.3.1/RPBenchmark_H100_tier1/MASSVEC3DPA_factor_1024-kernel-run-data.csv,CUDA,Base_CUDA-runtime_block_stride_loop_64,1712.01,522.236
Apps_MASSVEC3DPA,Base_CUDA,direct_64,5437248, PASSED     ,6.28003e-05,759.304,2489.17,build_lc_toss4-mvapich2-2.3.7-nvcc-12.9.1-90-gcc-10.3.1/RPBenchmark_H100_tier1/MASSVEC3DPA_factor_1024-kernel-run-data.csv,CUDA,Base_CUDA-direct_64,2489.17,759.304
Apps_MASSVEC3DPA,RAJA_CUDA,runtime_block_stride_loop_64,5437248, PASSED     ,9.6814e-05,492.537,1614.65,build_lc_toss4-mvapich2-2.3.7-nvcc-12.9.1-90-gcc-10.3.1/RPBenchmark_H100_tier1/MASSVEC3DPA_factor_1024-kernel-run-data.csv,CUDA,RAJA_CUDA-runtime_block_stride_loop_64,1614.65,492.537
Apps_MASSVEC3DPA,RAJA_CUDA,direct_64,5437248, PASSED     ,6.36671e-05,748.966,2455.29,build_lc_toss4-mvapich2-2.3.7-nvcc-12.9.1-90-gcc-10.3.1/RPBenchmark_H100_tier1/MASSVEC3DPA_factor_1024-kernel-run-data.csv,CUDA,RAJA_CUDA-direct_64,2455.29,748.966
Apps_MASSVEC3DPA,RAJA_CUDA,cached_block_stride_loop_64,5437248, PASSED     ,9.68621e-05,492.293,1613.85,build_lc_toss4-mvapich2-2.3.7-nvcc-12.9.1-90-gcc-10.3.1/RPBenchmark_H100_tier1/MASSVEC3DPA_factor_1024-kernel-run-data.csv,CUDA,RAJA_CUDA-cached_block_stride_loop_64,1613.85,492.293
Apps_MASSVEC3DPA,Base_CUDA,runtime_block_stride_loop_64,679680, PASSED     ,1.55222e-05,384.022,1258.9,build_lc_toss4-mvapich2-2.3.7-nvcc-12.9.1-90-gcc-10.3.1/RPBenchmark_H100_tier1/MASSVEC3DPA_factor_128-kernel-run-data.csv,CUDA,Base_CUDA-runtime_block_stride_loop_64,1258.9,384.022
Apps_MASSVEC3DPA,Base_CUDA,direct_64,679680, PASSED     ,1.03402e-05,576.476,1889.8,build_lc_toss4-mvapich2-2.3.7-nvcc-12.9.1-90-gcc-10.3.1/RPBenchmark_H100_tier1/MASSVEC3DPA_factor_128-kernel-run-data.csv,CUDA,Base_CUDA-direct_64,1889.8,576.476
Apps_MASSVEC3DPA,RAJA_CUDA,runtime_block_stride_loop_64,679680, PASSED     ,1.55668e-05,382.92,1255.28,build_lc_toss4-mvapich2-2.3.7-nvcc-12.9.1-90-gcc-10.3.1/RPBenchmark_H100_tier1/MASSVEC3DPA_factor_128-kernel-run-data.csv,CUDA,RAJA_CUDA-runtime_block_stride_loop_64,1255.28,382.92
Apps_MASSVEC3DPA,RAJA_CUDA,direct_64,679680, PASSED     ,1.06055e-05,562.053,1842.52,build_lc_toss4-mvapich2-2.3.7-nvcc-12.9.1-90-gcc-10.3.1/RPBenchmark_H100_tier1/MASSVEC3DPA_factor_128-kernel-run-data.csv,CUDA,RAJA_CUDA-direct_64,1842.52,562.053
Apps_MASSVEC3DPA,RAJA_CUDA,cached_block_stride_loop_64,679680, PASSED     ,1.55771e-05,382.667,1254.45,build_lc_toss4-mvapich2-2.3.7-nvcc-12.9.1-90-gcc-10.3.1/RPBenchmark_H100_tier1/MASSVEC3DPA_factor_128-kernel-run-data.csv,CUDA,RAJA_CUDA-cached_block_stride_loop_64,1254.45,382.667
Apps_MASSVEC3DPA,Base_CUDA,runtime_block_stride_loop_64,7964736, PASSED     ,0.000130911,533.571,1749.17,build_lc_toss4-mvapich2-2.3.7-nvcc-12.9.1-90-gcc-10.3.1/RPBenchmark_H100_tier1/MASSVEC3DPA_factor_1500-kernel-run-data.csv,CUDA,Base_CUDA-runtime_block_stride_loop_64,1730.5900000000001,527.9035
Apps_MASSVEC3DPA,Base_CUDA,direct_64,7964736, PASSED     ,8.99626e-05,776.439,2545.35,build_lc_toss4-mvapich2-2.3.7-nvcc-12.9.1-90-gcc-10.3.1/RPBenchmark_H100_tier1/MASSVEC3DPA_factor_1500-kernel-run-data.csv,CUDA,Base_CUDA-direct_64,2517.26,767.8715
Apps_MASSVEC3DPA,RAJA_CUDA,runtime_block_stride_loop_64,7964736, PASSED     ,0.000138905,502.867,1648.52,build_lc_toss4-mvapich2-2.3.7-nvcc-12.9.1-90-gcc-10.3.1/RPBenchmark_H100_tier1/MASSVEC3DPA_factor_1500-kernel-run-data.csv,CUDA,RAJA_CUDA-runtime_block_stride_loop_64,1631.585,497.702
Apps_MASSVEC3DPA,RAJA_CUDA,direct_64,7964736, PASSED     ,9.09814e-05,767.744,2516.85,build_lc_toss4-mvapich2-2.3.7-nvcc-12.9.1-90-gcc-10.3.1/RPBenchmark_H100_tier1/MASSVEC3DPA_factor_1500-kernel-run-data.csv,CUDA,RAJA_CUDA-direct_64,2486.0699999999997,758.355
Apps_MASSVEC3DPA,RAJA_CUDA,cached_block_stride_loop_64,7964736, PASSED     ,0.000139009,502.49,1647.28,build_lc_toss4-mvapich2-2.3.7-nvcc-12.9.1-90-gcc-10.3.1/RPBenchmark_H100_tier1/MASSVEC3DPA_factor_1500-kernel-run-data.csv,CUDA,RAJA_CUDA-cached_block_stride_loop_64,1630.565,497.3915
Apps_MASSVEC3DPA,Base_CUDA,runtime_block_stride_loop_64,85056, PASSED     ,7.77984e-06,95.8923,314.32,build_lc_toss4-mvapich2-2.3.7-nvcc-12.9.1-90-gcc-10.3.1/RPBenchmark_H100_tier1/MASSVEC3DPA_factor_16-kernel-run-data.csv,CUDA,Base_CUDA-runtime_block_stride_loop_64,314.32,95.8923
Apps_MASSVEC3DPA,Base_CUDA,direct_64,85056, PASSED     ,4.8477e-06,153.893,504.437,build_lc_toss4-mvapich2-2.3.7-nvcc-12.9.1-90-gcc-10.3.1/RPBenchmark_H100_tier1/MASSVEC3DPA_factor_16-kernel-run-data.csv,CUDA,Base_CUDA-direct_64,504.437,153.893
Apps_MASSVEC3DPA,RAJA_CUDA,runtime_block_stride_loop_64,85056, PASSED     ,7.46222e-06,99.9738,327.699,build_lc_toss4-mvapich2-2.3.7-nvcc-12.9.1-90-gcc-10.3.1/RPBenchmark_H100_tier1/MASSVEC3DPA_factor_16-kernel-run-data.csv,CUDA,RAJA_CUDA-runtime_block_stride_loop_64,327.699,99.9738
Apps_MASSVEC3DPA,RAJA_CUDA,direct_64,85056, PASSED     ,4.60658e-06,161.948,530.841,build_lc_toss4-mvapich2-2.3.7-nvcc-12.9.1-90-gcc-10.3.1/RPBenchmark_H100_tier1/MASSVEC3DPA_factor_16-kernel-run-data.csv,CUDA,RAJA_CUDA-direct_64,530.841,161.948
Apps_MASSVEC3DPA,RAJA_CUDA,cached_block_stride_loop_64,85056, PASSED     ,7.48106e-06,99.722,326.873,build_lc_toss4-mvapich2-2.3.7-nvcc-12.9.1-90-gcc-10.3.1/RPBenchmark_H100_tier1/MASSVEC3DPA_factor_16-kernel-run-data.csv,CUDA,RAJA_CUDA-cached_block_stride_loop_64,326.873,99.722
Apps_MASSVEC3DPA,Base_CUDA,runtime_block_stride_loop_64,1359360, PASSED     ,2.56111e-05,465.486,1525.96,build_lc_toss4-mvapich2-2.3.7-nvcc-12.9.1-90-gcc-10.3.1/RPBenchmark_H100_tier1/MASSVEC3DPA_factor_256-kernel-run-data.csv,CUDA,Base_CUDA-runtime_block_stride_loop_64,1525.96,465.486
Apps_MASSVEC3DPA,Base_CUDA,direct_64,1359360, PASSED     ,1.72642e-05,690.541,2263.74,build_lc_toss4-mvapich2-2.3.7-nvcc-12.9.1-90-gcc-10.3.1/RPBenchmark_H100_tier1/MASSVEC3DPA_factor_256-kernel-run-data.csv,CUDA,Base_CUDA-direct_64,2263.74,690.541
Apps_MASSVEC3DPA,RAJA_CUDA,runtime_block_stride_loop_64,1359360, PASSED     ,2.59337e-05,459.696,1506.98,build_lc_toss4-mvapich2-2.3.7-nvcc-12.9.1-90-gcc-10.3.1/RPBenchmark_H100_tier1/MASSVEC3DPA_factor_256-kernel-run-data.csv,CUDA,RAJA_CUDA-runtime_block_stride_loop_64,1506.98,459.696
Apps_MASSVEC3DPA,RAJA_CUDA,direct_64,1359360, PASSED     ,1.75004e-05,681.221,2233.19,build_lc_toss4-mvapich2-2.3.7-nvcc-12.9.1-90-gcc-10.3.1/RPBenchmark_H100_tier1/MASSVEC3DPA_factor_256-kernel-run-data.csv,CUDA,RAJA_CUDA-direct_64,2233.19,681.221
Apps_MASSVEC3DPA,RAJA_CUDA,cached_block_stride_loop_64,1359360, PASSED     ,2.5939e-05,459.602,1506.67,build_lc_toss4-mvapich2-2.3.7-nvcc-12.9.1-90-gcc-10.3.1/RPBenchmark_H100_tier1/MASSVEC3DPA_factor_256-kernel-run-data.csv,CUDA,RAJA_CUDA-cached_block_stride_loop_64,1506.67,459.602
Apps_MASSVEC3DPA,Base_CUDA,runtime_block_stride_loop_64,15929280, PASSED     ,0.000255318,547.157,1793.71,build_lc_toss4-mvapich2-2.3.7-nvcc-12.9.1-90-gcc-10.3.1/RPBenchmark_H100_tier1/MASSVEC3DPA_factor_3000-kernel-run-data.csv,CUDA,Base_CUDA-runtime_block_stride_loop_64,1749.17,533.571
Apps_MASSVEC3DPA,Base_CUDA,direct_64,15929280, PASSED     ,0.000175279,797.011,2612.79,build_lc_toss4-mvapich2-2.3.7-nvcc-12.9.1-90-gcc-10.3.1/RPBenchmark_H100_tier1/MASSVEC3DPA_factor_3000-kernel-run-data.csv,CUDA,Base_CUDA-direct_64,2545.35,776.439
Apps_MASSVEC3DPA,RAJA_CUDA,runtime_block_stride_loop_64,15929280, PASSED     ,0.000271468,514.606,1687.0,build_lc_toss4-mvapich2-2.3.7-nvcc-12.9.1-90-gcc-10.3.1/RPBenchmark_H100_tier1/MASSVEC3DPA_factor_3000-kernel-run-data.csv,CUDA,RAJA_CUDA-runtime_block_stride_loop_64,1648.52,502.867
Apps_MASSVEC3DPA,RAJA_CUDA,direct_64,15929280, PASSED     ,0.00017716,788.547,2585.04,build_lc_toss4-mvapich2-2.3.7-nvcc-12.9.1-90-gcc-10.3.1/RPBenchmark_H100_tier1/MASSVEC3DPA_factor_3000-kernel-run-data.csv,CUDA,RAJA_CUDA-direct_64,2516.85,767.744
Apps_MASSVEC3DPA,RAJA_CUDA,cached_block_stride_loop_64,15929280, PASSED     ,0.00027152,514.507,1686.68,build_lc_toss4-mvapich2-2.3.7-nvcc-12.9.1-90-gcc-10.3.1/RPBenchmark_H100_tier1/MASSVEC3DPA_factor_3000-kernel-run-data.csv,CUDA,RAJA_CUDA-cached_block_stride_loop_64,1647.28,502.49
Apps_MASSVEC3DPA,Base_CUDA,runtime_block_stride_loop_64,169920, PASSED     ,8.33338e-06,178.833,586.221,build_lc_toss4-mvapich2-2.3.7-nvcc-12.9.1-90-gcc-10.3.1/RPBenchmark_H100_tier1/MASSVEC3DPA_factor_32-kernel-run-data.csv,CUDA,Base_CUDA-runtime_block_stride_loop_64,586.221,178.833
Apps_MASSVEC3DPA,Base_CUDA,direct_64,169920, PASSED     ,5.3289e-06,279.66,916.737,build_lc_toss4-mvapich2-2.3.7-nvcc-12.9.1-90-gcc-10.3.1/RPBenchmark_H100_tier1/MASSVEC3DPA_factor_32-kernel-run-data.csv,CUDA,Base_CUDA-direct_64,916.737,279.66
Apps_MASSVEC3DPA,RAJA_CUDA,runtime_block_stride_loop_64,169920, PASSED     ,7.9565e-06,187.303,613.989,build_lc_toss4-mvapich2-2.3.7-nvcc-12.9.1-90-gcc-10.3.1/RPBenchmark_H100_tier1/MASSVEC3DPA_factor_32-kernel-run-data.csv,CUDA,RAJA_CUDA-runtime_block_stride_loop_64,613.989,187.303
Apps_MASSVEC3DPA,RAJA_CUDA,direct_64,169920, PASSED     ,5.13282e-06,290.343,951.758,build_lc_toss4-mvapich2-2.3.7-nvcc-12.9.1-90-gcc-10.3.1/RPBenchmark_H100_tier1/MASSVEC3DPA_factor_32-kernel-run-data.csv,CUDA,RAJA_CUDA-direct_64,951.758,290.343
Apps_MASSVEC3DPA,RAJA_CUDA,cached_block_stride_loop_64,169920, PASSED     ,7.96828e-06,187.027,613.081,build_lc_toss4-mvapich2-2.3.7-nvcc-12.9.1-90-gcc-10.3.1/RPBenchmark_H100_tier1/MASSVEC3DPA_factor_32-kernel-run-data.csv,CUDA,RAJA_CUDA-cached_block_stride_loop_64,613.081,187.027
Apps_MASSVEC3DPA,Base_CUDA,runtime_block_stride_loop_64,21312, PASSED     ,7.52618e-06,24.8459,81.4118,build_lc_toss4-mvapich2-2.3.7-nvcc-12.9.1-90-gcc-10.3.1/RPBenchmark_H100_tier1/MASSVEC3DPA_factor_4-kernel-run-data.csv,CUDA,Base_CUDA-runtime_block_stride_loop_64,197.8659,60.3691
Apps_MASSVEC3DPA,Base_CUDA,direct_64,21312, PASSED     ,4.63424e-06,40.3507,132.216,build_lc_toss4-mvapich2-2.3.7-nvcc-12.9.1-90-gcc-10.3.1/RPBenchmark_H100_tier1/MASSVEC3DPA_factor_4-kernel-run-data.csv,CUDA,Base_CUDA-direct_64,318.3265,97.12185
Apps_MASSVEC3DPA,RAJA_CUDA,runtime_block_stride_loop_64,21312, PASSED     ,7.07074e-06,26.4463,86.6557,build_lc_toss4-mvapich2-2.3.7-nvcc-12.9.1-90-gcc-10.3.1/RPBenchmark_H100_tier1/MASSVEC3DPA_factor_4-kernel-run-data.csv,CUDA,RAJA_CUDA-runtime_block_stride_loop_64,207.17735,63.210049999999995
Apps_MASSVEC3DPA,RAJA_CUDA,direct_64,21312, PASSED     ,4.39962e-06,42.5025,139.267,build_lc_toss4-mvapich2-2.3.7-nvcc-12.9.1-90-gcc-10.3.1/RPBenchmark_H100_tier1/MASSVEC3DPA_factor_4-kernel-run-data.csv,CUDA,RAJA_CUDA-direct_64,335.054,102.22525
Apps_MASSVEC3DPA,RAJA_CUDA,cached_block_stride_loop_64,21312, PASSED     ,7.06538e-06,26.4663,86.7215,build_lc_toss4-mvapich2-2.3.7-nvcc-12.9.1-90-gcc-10.3.1/RPBenchmark_H100_tier1/MASSVEC3DPA_factor_4-kernel-run-data.csv,CUDA,RAJA_CUDA-cached_block_stride_loop_64,206.79725,63.09415
Apps_MASSVEC3DPA,Base_CUDA,runtime_block_stride_loop_64,2718720, PASSED     ,4.74877e-05,502.091,1645.97,build_lc_toss4-mvapich2-2.3.7-nvcc-12.9.1-90-gcc-10.3.1/RPBenchmark_H100_tier1/MASSVEC3DPA_factor_512-kernel-run-data.csv,CUDA,Base_CUDA-runtime_block_stride_loop_64,1645.97,502.091
Apps_MASSVEC3DPA,Base_CUDA,direct_64,2718720, PASSED     ,3.24857e-05,733.957,2406.08,build_lc_toss4-mvapich2-2.3.7-nvcc-12.9.1-90-gcc-10.3.1/RPBenchmark_H100_tier1/MASSVEC3DPA_factor_512-kernel-run-data.csv,CUDA,Base_CUDA-direct_64,2406.08,733.957
Apps_MASSVEC3DPA,RAJA_CUDA,runtime_block_stride_loop_64,2718720, PASSED     ,4.86012e-05,490.588,1608.26,build_lc_toss4-mvapich2-2.3.7-nvcc-12.9.1-90-gcc-10.3.1/RPBenchmark_H100_tier1/MASSVEC3DPA_factor_512-kernel-run-data.csv,CUDA,RAJA_CUDA-runtime_block_stride_loop_64,1608.26,490.588
Apps_MASSVEC3DPA,RAJA_CUDA,direct_64,2718720, PASSED     ,3.27376e-05,728.31,2387.56,build_lc_toss4-mvapich2-2.3.7-nvcc-12.9.1-90-gcc-10.3.1/RPBenchmark_H100_tier1/MASSVEC3DPA_factor_512-kernel-run-data.csv,CUDA,RAJA_CUDA-direct_64,2387.56,728.31
Apps_MASSVEC3DPA,RAJA_CUDA,cached_block_stride_loop_64,2718720, PASSED     ,4.85285e-05,491.322,1610.67,build_lc_toss4-mvapich2-2.3.7-nvcc-12.9.1-90-gcc-10.3.1/RPBenchmark_H100_tier1/MASSVEC3DPA_factor_512-kernel-run-data.csv,CUDA,RAJA_CUDA-cached_block_stride_loop_64,1610.67,491.322
Apps_MASSVEC3DPA,Base_CUDA,runtime_block_stride_loop_64,339840, PASSED     ,9.70696e-06,307.045,1006.54,build_lc_toss4-mvapich2-2.3.7-nvcc-12.9.1-90-gcc-10.3.1/RPBenchmark_H100_tier1/MASSVEC3DPA_factor_64-kernel-run-data.csv,CUDA,Base_CUDA-runtime_block_stride_loop_64,1006.54,307.045
Apps_MASSVEC3DPA,Base_CUDA,direct_64,339840, PASSED     ,6.87574e-06,433.476,1421.0,build_lc_toss4-mvapich2-2.3.7-nvcc-12.9.1-90-gcc-10.3.1/RPBenchmark_H100_tier1/MASSVEC3DPA_factor_64-kernel-run-data.csv,CUDA,Base_CUDA-direct_64,1421.0,433.476
Apps_MASSVEC3DPA,RAJA_CUDA,runtime_block_stride_loop_64,339840, PASSED     ,9.49742e-06,313.819,1028.74,build_lc_toss4-mvapich2-2.3.7-nvcc-12.9.1-90-gcc-10.3.1/RPBenchmark_H100_tier1/MASSVEC3DPA_factor_64-kernel-run-data.csv,CUDA,RAJA_CUDA-runtime_block_stride_loop_64,1028.74,313.819
Apps_MASSVEC3DPA,RAJA_CUDA,direct_64,339840, PASSED     ,6.67302e-06,446.645,1464.16,build_lc_toss4-mvapich2-2.3.7-nvcc-12.9.1-90-gcc-10.3.1/RPBenchmark_H100_tier1/MASSVEC3DPA_factor_64-kernel-run-data.csv,CUDA,RAJA_CUDA-direct_64,1464.16,446.645
Apps_MASSVEC3DPA,RAJA_CUDA,cached_block_stride_loop_64,339840, PASSED     ,9.4959e-06,313.869,1028.91,build_lc_toss4-mvapich2-2.3.7-nvcc-12.9.1-90-gcc-10.3.1/RPBenchmark_H100_tier1/MASSVEC3DPA_factor_64-kernel-run-data.csv,CUDA,RAJA_CUDA-cached_block_stride_loop_64,1028.91,313.869
Apps_NODAL_ACCUMULATION_3D,Base_CUDA,block_256,1000, PASSED     ,2.64306e-06,13.1418,3.40514,build_lc_toss4-mvapich2-2.3.7-nvcc-12.9.1-90-gcc-10.3.1/RPBenchmark_H100_tier1/NODAL_ACCUMULATION_3D_factor_1-kernel-run-data.csv,CUDA,Base_CUDA-block_256,18.7599,67.5904
Apps_NODAL_ACCUMULATION_3D,RAJA_CUDA,block_256,1000, PASSED     ,2.60854e-06,13.3157,3.45021,build_lc_toss4-mvapich2-2.3.7-nvcc-12.9.1-90-gcc-10.3.1/RPBenchmark_H100_tier1/NODAL_ACCUMULATION_3D_factor_1-kernel-run-data.csv,CUDA,RAJA_CUDA-block_256,19.0601,68.6724
Apps_NODAL_ACCUMULATION_3D,Base_CUDA,block_256,2048383, PASSED     ,7.07424e-05,873.214,260.599,build_lc_toss4-mvapich2-2.3.7-nvcc-12.9.1-90-gcc-10.3.1/RPBenchmark_H100_tier1/NODAL_ACCUMULATION_3D_factor_1024-kernel-run-data.csv,CUDA,Base_CUDA-block_256,264.112,883.744
Apps_NODAL_ACCUMULATION_3D,RAJA_CUDA,block_256,2048383, PASSED     ,7.0736e-05,873.294,260.623,build_lc_toss4-mvapich2-2.3.7-nvcc-12.9.1-90-gcc-10.3.1/RPBenchmark_H100_tier1/NODAL_ACCUMULATION_3D_factor_1024-kernel-run-data.csv,CUDA,RAJA_CUDA-block_256,264.186,883.993
Apps_NODAL_ACCUMULATION_3D,Base_CUDA,block_256,238328, PASSED     ,1.01736e-05,715.315,210.834,build_lc_toss4-mvapich2-2.3.7-nvcc-12.9.1-90-gcc-10.3.1/RPBenchmark_H100_tier1/NODAL_ACCUMULATION_3D_factor_128-kernel-run-data.csv,CUDA,Base_CUDA-block_256,210.834,715.315
Apps_NODAL_ACCUMULATION_3D,RAJA_CUDA,block_256,238328, PASSED     ,1.02016e-05,713.352,210.256,build_lc_toss4-mvapich2-2.3.7-nvcc-12.9.1-90-gcc-10.3.1/RPBenchmark_H100_tier1/NODAL_ACCUMULATION_3D_factor_128-kernel-run-data.csv,CUDA,RAJA_CUDA-block_256,210.256,713.352
Apps_NODAL_ACCUMULATION_3D,Base_CUDA,block_256,2985984, PASSED     ,0.000101752,883.744,264.112,build_lc_toss4-mvapich2-2.3.7-nvcc-12.9.1-90-gcc-10.3.1/RPBenchmark_H100_tier1/NODAL_ACCUMULATION_3D_factor_1500-kernel-run-data.csv,CUDA,Base_CUDA-block_256,265.95550000000003,891.981
Apps_NODAL_ACCUMULATION_3D,RAJA_CUDA,block_256,2985984, PASSED     ,0.000101723,883.993,264.186,build_lc_toss4-mvapich2-2.3.7-nvcc-12.9.1-90-gcc-10.3.1/RPBenchmark_H100_tier1/NODAL_ACCUMULATION_3D_factor_1500-kernel-run-data.csv,CUDA,RAJA_CUDA-block_256,265.8265,891.546
Apps_NODAL_ACCUMULATION_3D,Base_CUDA,block_256,27000, PASSED     ,3.10321e-06,272.702,78.306,build_lc_toss4-mvapich2-2.3.7-nvcc-12.9.1-90-gcc-10.3.1/RPBenchmark_H100_tier1/NODAL_ACCUMULATION_3D_factor_16-kernel-run-data.csv,CUDA,Base_CUDA-block_256,78.306,272.702
Apps_NODAL_ACCUMULATION_3D,RAJA_CUDA,block_256,27000, PASSED     ,3.09203e-06,273.688,78.5891,build_lc_toss4-mvapich2-2.3.7-nvcc-12.9.1-90-gcc-10.3.1/RPBenchmark_H100_tier1/NODAL_ACCUMULATION_3D_factor_16-kernel-run-data.csv,CUDA,RAJA_CUDA-block_256,78.5891,273.688
Apps_NODAL_ACCUMULATION_3D,Base_CUDA,block_256,493039, PASSED     ,1.80131e-05,831.408,246.34,build_lc_toss4-mvapich2-2.3.7-nvcc-12.9.1-90-gcc-10.3.1/RPBenchmark_H100_tier1/NODAL_ACCUMULATION_3D_factor_256-kernel-run-data.csv,CUDA,Base_CUDA-block_256,246.34,831.408
Apps_NODAL_ACCUMULATION_3D,RAJA_CUDA,block_256,493039, PASSED     ,1.80795e-05,828.353,245.435,build_lc_toss4-mvapich2-2.3.7-nvcc-12.9.1-90-gcc-10.3.1/RPBenchmark_H100_tier1/NODAL_ACCUMULATION_3D_factor_256-kernel-run-data.csv,CUDA,RAJA_CUDA-block_256,245.435,828.353
Apps_NODAL_ACCUMULATION_3D,Base_CUDA,block_256,6028568, PASSED     ,0.000198376,913.185,273.506,build_lc_toss4-mvapich2-2.3.7-nvcc-12.9.1-90-gcc-10.3.1/RPBenchmark_H100_tier1/NODAL_ACCUMULATION_3D_factor_3000-kernel-run-data.csv,CUDA,Base_CUDA-block_256,264.112,883.744
Apps_NODAL_ACCUMULATION_3D,RAJA_CUDA,block_256,6028568, PASSED     ,0.000198422,912.972,273.442,build_lc_toss4-mvapich2-2.3.7-nvcc-12.9.1-90-gcc-10.3.1/RPBenchmark_H100_tier1/NODAL_ACCUMULATION_3D_factor_3000-kernel-run-data.csv,CUDA,RAJA_CUDA-block_256,264.186,883.993
Apps_NODAL_ACCUMULATION_3D,Base_CUDA,block_256,54872, PASSED     ,3.98466e-06,427.032,123.937,build_lc_toss4-mvapich2-2.3.7-nvcc-12.9.1-90-gcc-10.3.1/RPBenchmark_H100_tier1/NODAL_ACCUMULATION_3D_factor_32-kernel-run-data.csv,CUDA,Base_CUDA-block_256,123.937,427.032
Apps_NODAL_ACCUMULATION_3D,RAJA_CUDA,block_256,54872, PASSED     ,4.0187e-06,423.415,122.888,build_lc_toss4-mvapich2-2.3.7-nvcc-12.9.1-90-gcc-10.3.1/RPBenchmark_H100_tier1/NODAL_ACCUMULATION_3D_factor_32-kernel-run-data.csv,CUDA,RAJA_CUDA-block_256,122.888,423.415
Apps_NODAL_ACCUMULATION_3D,Base_CUDA,block_256,5832, PASSED     ,2.79789e-06,67.5904,18.7599,build_lc_toss4-mvapich2-2.3.7-nvcc-12.9.1-90-gcc-10.3.1/RPBenchmark_H100_tier1/NODAL_ACCUMULATION_3D_factor_4-kernel-run-data.csv,CUDA,Base_CUDA-block_256,48.53295,170.1462
Apps_NODAL_ACCUMULATION_3D,RAJA_CUDA,block_256,5832, PASSED     ,2.75381e-06,68.6724,19.0601,build_lc_toss4-mvapich2-2.3.7-nvcc-12.9.1-90-gcc-10.3.1/RPBenchmark_H100_tier1/NODAL_ACCUMULATION_3D_factor_4-kernel-run-data.csv,CUDA,RAJA_CUDA-block_256,48.824600000000004,171.18019999999999
Apps_NODAL_ACCUMULATION_3D,Base_CUDA,block_256,1000000, PASSED     ,3.36073e-05,900.218,267.799,build_lc_toss4-mvapich2-2.3.7-nvcc-12.9.1-90-gcc-10.3.1/RPBenchmark_H100_tier1/NODAL_ACCUMULATION_3D_factor_512-kernel-run-data.csv,CUDA,Base_CUDA-block_256,260.599,873.214
Apps_NODAL_ACCUMULATION_3D,RAJA_CUDA,block_256,1000000, PASSED     ,3.36491e-05,899.099,267.467,build_lc_toss4-mvapich2-2.3.7-nvcc-12.9.1-90-gcc-10.3.1/RPBenchmark_H100_tier1/NODAL_ACCUMULATION_3D_factor_512-kernel-run-data.csv,CUDA,RAJA_CUDA-block_256,260.623,873.294
Apps_NODAL_ACCUMULATION_3D,Base_CUDA,block_256,117649, PASSED     ,5.9188e-06,610.893,178.895,build_lc_toss4-mvapich2-2.3.7-nvcc-12.9.1-90-gcc-10.3.1/RPBenchmark_H100_tier1/NODAL_ACCUMULATION_3D_factor_64-kernel-run-data.csv,CUDA,Base_CUDA-block_256,178.895,610.893
Apps_NODAL_ACCUMULATION_3D,RAJA_CUDA,block_256,117649, PASSED     ,5.91878e-06,610.895,178.895,build_lc_toss4-mvapich2-2.3.7-nvcc-12.9.1-90-gcc-10.3.1/RPBenchmark_H100_tier1/NODAL_ACCUMULATION_3D_factor_64-kernel-run-data.csv,CUDA,RAJA_CUDA-block_256,178.895,610.895
Apps_VOL3D,Base_CUDA,block_256,512, PASSED     ,2.67916e-06,17.0388,38.0,build_lc_toss4-mvapich2-2.3.7-nvcc-12.9.1-90-gcc-10.3.1/RPBenchmark_H100_tier1/VOL3D_factor_1-kernel-run-data.csv,CUDA,Base_CUDA-block_256,154.686,67.0287
Apps_VOL3D,RAJA_CUDA,block_256,512, PASSED     ,2.60531e-06,17.5218,39.0771,build_lc_toss4-mvapich2-2.3.7-nvcc-12.9.1-90-gcc-10.3.1/RPBenchmark_H100_tier1/VOL3D_factor_1-kernel-run-data.csv,CUDA,RAJA_CUDA-block_256,160.524,69.5582
Apps_VOL3D,Base_CUDA,block_256,1442897, PASSED     ,2.47722e-05,1906.07,4574.8,build_lc_toss4-mvapich2-2.3.7-nvcc-12.9.1-90-gcc-10.3.1/RPBenchmark_H100_tier1/VOL3D_factor_1024-kernel-run-data.csv,CUDA,Base_CUDA-block_256,4671.87,1944.94
Apps_VOL3D,RAJA_CUDA,block_256,1442897, PASSED     ,2.37346e-05,1989.39,4774.8,build_lc_toss4-mvapich2-2.3.7-nvcc-12.9.1-90-gcc-10.3.1/RPBenchmark_H100_tier1/VOL3D_factor_1024-kernel-run-data.csv,CUDA,RAJA_CUDA-block_256,5041.05,2098.64
Apps_VOL3D,Base_CUDA,block_256,166375, PASSED     ,5.09736e-06,1174.89,2800.94,build_lc_toss4-mvapich2-2.3.7-nvcc-12.9.1-90-gcc-10.3.1/RPBenchmark_H100_tier1/VOL3D_factor_128-kernel-run-data.csv,CUDA,Base_CUDA-block_256,2800.94,1174.89
Apps_VOL3D,RAJA_CUDA,block_256,166375, PASSED     ,4.3783e-06,1367.85,3260.94,build_lc_toss4-mvapich2-2.3.7-nvcc-12.9.1-90-gcc-10.3.1/RPBenchmark_H100_tier1/VOL3D_factor_128-kernel-run-data.csv,CUDA,RAJA_CUDA-block_256,3260.94,1367.85
Apps_VOL3D,Base_CUDA,block_256,2146689, PASSED     ,3.5708e-05,1944.94,4671.87,build_lc_toss4-mvapich2-2.3.7-nvcc-12.9.1-90-gcc-10.3.1/RPBenchmark_H100_tier1/VOL3D_factor_1500-kernel-run-data.csv,CUDA,Base_CUDA-block_256,4777.255,1987.58
Apps_VOL3D,RAJA_CUDA,block_256,2146689, PASSED     ,3.30929e-05,2098.64,5041.05,build_lc_toss4-mvapich2-2.3.7-nvcc-12.9.1-90-gcc-10.3.1/RPBenchmark_H100_tier1/VOL3D_factor_1500-kernel-run-data.csv,CUDA,RAJA_CUDA-block_256,5187.1900000000005,2158.125
Apps_VOL3D,Base_CUDA,block_256,17576, PASSED     ,3.30409e-06,233.039,547.787,build_lc_toss4-mvapich2-2.3.7-nvcc-12.9.1-90-gcc-10.3.1/RPBenchmark_H100_tier1/VOL3D_factor_16-kernel-run-data.csv,CUDA,Base_CUDA-block_256,547.787,233.039
Apps_VOL3D,RAJA_CUDA,block_256,17576, PASSED     ,2.85232e-06,269.949,634.549,build_lc_toss4-mvapich2-2.3.7-nvcc-12.9.1-90-gcc-10.3.1/RPBenchmark_H100_tier1/VOL3D_factor_16-kernel-run-data.csv,CUDA,RAJA_CUDA-block_256,634.549,269.949
Apps_VOL3D,Base_CUDA,block_256,343000, PASSED     ,8.27146e-06,1435.03,3430.69,build_lc_toss4-mvapich2-2.3.7-nvcc-12.9.1-90-gcc-10.3.1/RPBenchmark_H100_tier1/VOL3D_factor_256-kernel-run-data.csv,CUDA,Base_CUDA-block_256,3430.69,1435.03
Apps_VOL3D,RAJA_CUDA,block_256,343000, PASSED     ,6.08217e-06,1951.58,4665.57,build_lc_toss4-mvapich2-2.3.7-nvcc-12.9.1-90-gcc-10.3.1/RPBenchmark_H100_tier1/VOL3D_factor_256-kernel-run-data.csv,CUDA,RAJA_CUDA-block_256,4665.57,1951.58
Apps_VOL3D,Base_CUDA,block_256,4410944, PASSED     ,6.90833e-05,2030.22,4882.64,build_lc_toss4-mvapich2-2.3.7-nvcc-12.9.1-90-gcc-10.3.1/RPBenchmark_H100_tier1/VOL3D_factor_3000-kernel-run-data.csv,CUDA,Base_CUDA-block_256,4671.87,1944.94
Apps_VOL3D,RAJA_CUDA,block_256,4410944, PASSED     ,6.32455e-05,2217.61,5333.33,build_lc_toss4-mvapich2-2.3.7-nvcc-12.9.1-90-gcc-10.3.1/RPBenchmark_H100_tier1/VOL3D_factor_3000-kernel-run-data.csv,CUDA,RAJA_CUDA-block_256,5041.05,2098.64
Apps_VOL3D,Base_CUDA,block_256,35937, PASSED     ,3.34092e-06,436.156,1030.98,build_lc_toss4-mvapich2-2.3.7-nvcc-12.9.1-90-gcc-10.3.1/RPBenchmark_H100_tier1/VOL3D_factor_32-kernel-run-data.csv,CUDA,Base_CUDA-block_256,1030.98,436.156
Apps_VOL3D,RAJA_CUDA,block_256,35937, PASSED     ,3.19541e-06,456.017,1077.92,build_lc_toss4-mvapich2-2.3.7-nvcc-12.9.1-90-gcc-10.3.1/RPBenchmark_H100_tier1/VOL3D_factor_32-kernel-run-data.csv,CUDA,RAJA_CUDA-block_256,1077.92,456.017
Apps_VOL3D,Base_CUDA,block_256,3375, PASSED     ,2.8379e-06,67.0287,154.686,build_lc_toss4-mvapich2-2.3.7-nvcc-12.9.1-90-gcc-10.3.1/RPBenchmark_H100_tier1/VOL3D_factor_4-kernel-run-data.csv,CUDA,Base_CUDA-block_256,351.23650000000004,150.03385
Apps_VOL3D,RAJA_CUDA,block_256,3375, PASSED     ,2.7347e-06,69.5582,160.524,build_lc_toss4-mvapich2-2.3.7-nvcc-12.9.1-90-gcc-10.3.1/RPBenchmark_H100_tier1/VOL3D_factor_4-kernel-run-data.csv,CUDA,RAJA_CUDA-block_256,397.5365,169.7536
Apps_VOL3D,Base_CUDA,block_256,704969, PASSED     ,1.11672e-05,2117.45,5073.3,build_lc_toss4-mvapich2-2.3.7-nvcc-12.9.1-90-gcc-10.3.1/RPBenchmark_H100_tier1/VOL3D_factor_512-kernel-run-data.csv,CUDA,Base_CUDA-block_256,4574.8,1906.07
Apps_VOL3D,RAJA_CUDA,block_256,704969, PASSED     ,9.78553e-06,2416.43,5789.64,build_lc_toss4-mvapich2-2.3.7-nvcc-12.9.1-90-gcc-10.3.1/RPBenchmark_H100_tier1/VOL3D_factor_512-kernel-run-data.csv,CUDA,RAJA_CUDA-block_256,4774.8,1989.39
Apps_VOL3D,Base_CUDA,block_256,79507, PASSED     ,3.61155e-06,833.461,1979.83,build_lc_toss4-mvapich2-2.3.7-nvcc-12.9.1-90-gcc-10.3.1/RPBenchmark_H100_tier1/VOL3D_factor_64-kernel-run-data.csv,CUDA,Base_CUDA-block_256,1979.83,833.461
Apps_VOL3D,RAJA_CUDA,block_256,79507, PASSED     ,3.41871e-06,880.474,2091.5,build_lc_toss4-mvapich2-2.3.7-nvcc-12.9.1-90-gcc-10.3.1/RPBenchmark_H100_tier1/VOL3D_factor_64-kernel-run-data.csv,CUDA,RAJA_CUDA-block_256,2091.5,880.474
